Workbook

Sheet Legend
A1: ROVA monitoring challenge workbook
A2: Plantilla para cuestionar el monitoring de ROVA (TP/FP por escenario). Cuadros de texto en español; encabezados en inglés para coincidir con los datos de origen.
A4: Cómo usarla
A5: 1 | B5: Copia las columnas A:E de tus datos (Scenarios, Time Frame, volume, Result, Orignal Hit Type) y pégalas como valores en Raw_data desde A2. Sobrescribe la fila de ejemplo (fila 2, amarilla).
A6: 2 | B6: No pegues en F:I de Raw_data: son fórmulas (Month, O/C, Scenario #, Duplicate?). Capacidad: 3.000 filas de datos y 150 escenarios únicos.
A7: 3 | B7: Revisa Parameters (celdas azules con relleno amarillo). Los umbrales de color Amber/Red son un supuesto leído del dashboard: confírmalo con los propietarios.
A8: 4 | B8: Abre Checks: todo debe decir OK antes de usar los resultados.
A9: 5 | B9: La lista de escenarios se genera sola (orden de primera aparición). Para ordenarla, copia y pega como valores en otra hoja.
A10: Hojas
A11: Summary | B11: TP y FP por escenario en 3M (Recent), Prior 3M (Older) y 6M; precisión, alertas por TP, FP ratio, cuota de FP/TP y rango por FP.
A12: Wilson | B12: Intervalos de Wilson de la precisión (3M, Prior 3M, 6M) y marcas: Low evidence, Wide interval, Colour not supported.
A13: Tests | B13: Test z de dos proporciones, test de Fisher (aprox. bilateral y unilateral), ratio de precisión Older/Recent e índice de lag. Fila TOTAL = cartera.
A14: Portfolio | B14: Precisión de cartera por índice de mes (0 a 6), con gráfico, para detectar retraso en el etiquetado (label lag).
A15: Pareto | B15: Escenarios ordenados por FP: concentración (top 5/10), cuota de TP del top 3, escenarios con cero TP y muchos FP, y columnas para registrar decisiones.
A16: Stability | B16: FP mensual por escenario (M-6 a M-1), media, desviación, CV, z del último mes, marca Spike y test retrospectivo contra el color del dashboard.
A17: Hit_type | B17: Precisión HOLD frente a STOP por escenario (6M).
A18: Heat_FP | B18: Mapa de calor del FP mensual de los 40 escenarios con más FP (orden Pareto): conteos y valor relativo a la media propia del escenario (estabilidad), con la marca Spike.
A19: Heat_FPratio | B19: FP ratio mensual como el dashboard (colores según Parameters B8 y B9) para esos 40 escenarios. Gris = menos alertas que el mínimo por mes (Parameters B17): el color no está respaldado.
A20: Heat_Scorecard | B20: Cuadro de mando de los 40 primeros: concentración (cuota de FP y TP, burden ratio), evidencia (precisión, ancho Wilson), estabilidad (lag, CV, z) y banderas, con escala de color por columna.
A21: Checks | B21: Conciliación de datos: totales, resultados distintos de TP/FP, volumen sin mes (NULL), duplicados, capacidad.
A22: Supuestos
A23: a | B23: volume = número de alertas del escenario en ese periodo (a confirmar con los propietarios: alerta = pago o caso).
A24: b | B24: 3M = meses 1 a 3 (Recent); Prior 3M = meses 4 a 6 (Older); 6M = meses 1 a 6. El mes 0 (Current, parcial) y las filas NULL quedan fuera de las ventanas.
A25: c | B25: Precisión = TP/(TP+FP). FP ratio = FP/(TP+FP) = 1 - precisión. Intervalo de Wilson al nivel de confianza de Parameters; asume alertas independientes (clientes repetidos o una red de fraude lo ensanchan).
A26: d | B26: Fisher bilateral = doble de la cola menor (aproximación conservadora). Fisher unilateral = probabilidad de ver tan pocos TP recientes o menos si no hay diferencia.
A27: e | B27: Un TP más tardío en confirmarse hace que los meses recientes parezcan peores; el índice de lag > 1 (TP concentrados en meses antiguos) apunta a ese efecto.
A28: f | B28: Con solo 6 puntos mensuales, la desviación y el z de Stability son orientativos.
A29: g | B29: Los mapas de calor cubren los 40 escenarios con más FP en 6M (orden de Pareto). Los cortes de color y el mínimo de alertas por mes son supuestos de Parameters, no umbrales documentados por ROVA.
A30: Código de color
A31: Azul sobre amarillo | B31: Celdas de entrada (datos pegados, parámetros, columnas de decisión).
A32: Negro | B32: Fórmulas. No sobrescribir.
A33: Rojo claro | B33: Marca de aviso (flag) activada.

Sheet Parameters
A1: Parameters
A2: Celdas azules con relleno amarillo = entradas editables. Todos los umbrales son supuestos de trabajo: acuérdalos con los propietarios.
A3: Parameter | B3: Value | C3: Note
A4: Confidence level | B4: 0.95 | C4: Nivel de confianza de los intervalos de Wilson.
A5: z value | B5: =NORMSINV(1-(1-B4)/2) -> 1.959964 | C5: Calculado a partir del nivel de confianza (1,96 al 95%).
A6: Min alerts (6M) for evidence | B6: 100 | C6: Por debajo: marca Low evidence. Supuesto de partida.
A7: Min TP (6M) for evidence | B7: 5 | C7: Por debajo: marca Low evidence. Supuesto de partida.
A8: Amber starts at FP ratio >= | B8: 0.93 | C8: Supuesto leído del dashboard (rojo=100%, ámbar ~93-99%, verde <93%). Confirmar.
A9: Red starts at FP ratio >= | B9: 0.995 | C9: Supuesto: el 100% mostrado incluye >=99,5%. Confirmar.
A10: High-FP percentile | B10: 0.75 | C10: Percentil de FP 6M que define 'FP alto' si no hay override.
A11: High-FP threshold (from percentile) | B11: =IFERROR(PERCENTILE(Summary!$G$5:$G$154,B10),0) -> 43 | C11: Calculado.
A12: High-FP threshold (override, optional) | C12: Rellena con un número fijo para ignorar el percentil.
A13: High-FP threshold (used) | B13: =IF(B12<>"",B12,B11) -> 43 | C13: Umbral aplicado en Pareto.
A14: Spike z threshold | B14: 2 | C14: z del último mes frente a los 5 anteriores.
A15: Significance level (alpha) | B15: 0.05 | C15: Para los tests z y Fisher. Con muchos escenarios usa 0,01 o corrige por comparaciones múltiples.
A16: Min TP (6M) to read the lag index | B16: 10 | C16: Por debajo: 'Too few TP'.
A17: Min alerts per scenario-month to show a colour | B17: 30 | C17: Heat_FPratio: por debajo la celda sale en gris (evidencia insuficiente). Supuesto de partida.

Sheet Raw_data
A1: Scenarios | B1: Time Frame | C1: volume | D1: Result | E1: Orignal Hit Type | F1: Month | G1: O/C | H1: Scenario # | I1: Duplicate? | K1: A:E = pegar datos (azul). F:I = fórmulas, no tocar. Fila 2 = ejemplo, sobrescribir.
A2: RSK RED P CVOL CVAL | B2: Last Month | C2: 43 | D2: FP | E2: STOP | F2: =IF(A2="","",IF(B2="Current Month",0,IF(B2="Last Month",1,IF(ISNUMBER(VALUE(RIGHT(B2,2))),-VALUE(RIGHT(B2,2)),"")))) -> 1 | G2: =IF(F2="","",IF(F2=0,"Current",IF(F2<=3,"Recent",IF(F2<=6,"Older","Out of range")))) -> Recent | H2: =IF(A2="","",IF(COUNTIF($A$2:A2,A2)=1,MAX($H$1:H1)+1,"")) -> 1 | I2: =IF(A2="","",IF(COUNTIFS($A$2:A2,A2,$B$2:B2,B2,$D$2:D2,D2,$E$2:E2,E2)>1,"DUP",""))
F3: =IF(A3="","",IF(B3="Current Month",0,IF(B3="Last Month",1,IF(ISNUMBER(VALUE(RIGHT(B3,2))),-VALUE(RIGHT(B3,2)),"")))) | G3: =IF(F3="","",IF(F3=0,"Current",IF(F3<=3,"Recent",IF(F3<=6,"Older","Out of range")))) | H3: =IF(A3="","",IF(COUNTIF($A$2:A3,A3)=1,MAX($H$1:H2)+1,"")) | I3: =IF(A3="","",IF(COUNTIFS($A$2:A3,A3,$B$2:B3,B3,$D$2:D3,D3,$E$2:E3,E3)>1,"DUP",""))
F4: =IF(A4="","",IF(B4="Current Month",0,IF(B4="Last Month",1,IF(ISNUMBER(VALUE(RIGHT(B4,2))),-VALUE(RIGHT(B4,2)),"")))) | G4: =IF(F4="","",IF(F4=0,"Current",IF(F4<=3,"Recent",IF(F4<=6,"Older","Out of range")))) | H4: =IF(A4="","",IF(COUNTIF($A$2:A4,A4)=1,MAX($H$1:H3)+1,"")) | I4: =IF(A4="","",IF(COUNTIFS($A$2:A4,A4,$B$2:B4,B4,$D$2:D4,D4,$E$2:E4,E4)>1,"DUP",""))
F5: =IF(A5="","",IF(B5="Current Month",0,IF(B5="Last Month",1,IF(ISNUMBER(VALUE(RIGHT(B5,2))),-VALUE(RIGHT(B5,2)),"")))) | G5: =IF(F5="","",IF(F5=0,"Current",IF(F5<=3,"Recent",IF(F5<=6,"Older","Out of range")))) | H5: =IF(A5="","",IF(COUNTIF($A$2:A5,A5)=1,MAX($H$1:H4)+1,"")) | I5: =IF(A5="","",IF(COUNTIFS($A$2:A5,A5,$B$2:B5,B5,$D$2:D5,D5,$E$2:E5,E5)>1,"DUP",""))
F6: =IF(A6="","",IF(B6="Current Month",0,IF(B6="Last Month",1,IF(ISNUMBER(VALUE(RIGHT(B6,2))),-VALUE(RIGHT(B6,2)),"")))) | G6: =IF(F6="","",IF(F6=0,"Current",IF(F6<=3,"Recent",IF(F6<=6,"Older","Out of range")))) | H6: =IF(A6="","",IF(COUNTIF($A$2:A6,A6)=1,MAX($H$1:H5)+1,"")) | I6: =IF(A6="","",IF(COUNTIFS($A$2:A6,A6,$B$2:B6,B6,$D$2:D6,D6,$E$2:E6,E6)>1,"DUP",""))
F7: =IF(A7="","",IF(B7="Current Month",0,IF(B7="Last Month",1,IF(ISNUMBER(VALUE(RIGHT(B7,2))),-VALUE(RIGHT(B7,2)),"")))) | G7: =IF(F7="","",IF(F7=0,"Current",IF(F7<=3,"Recent",IF(F7<=6,"Older","Out of range")))) | H7: =IF(A7="","",IF(COUNTIF($A$2:A7,A7)=1,MAX($H$1:H6)+1,"")) | I7: =IF(A7="","",IF(COUNTIFS($A$2:A7,A7,$B$2:B7,B7,$D$2:D7,D7,$E$2:E7,E7)>1,"DUP",""))
F8: =IF(A8="","",IF(B8="Current Month",0,IF(B8="Last Month",1,IF(ISNUMBER(VALUE(RIGHT(B8,2))),-VALUE(RIGHT(B8,2)),"")))) | G8: =IF(F8="","",IF(F8=0,"Current",IF(F8<=3,"Recent",IF(F8<=6,"Older","Out of range")))) | H8: =IF(A8="","",IF(COUNTIF($A$2:A8,A8)=1,MAX($H$1:H7)+1,"")) | I8: =IF(A8="","",IF(COUNTIFS($A$2:A8,A8,$B$2:B8,B8,$D$2:D8,D8,$E$2:E8,E8)>1,"DUP",""))
F9: =IF(A9="","",IF(B9="Current Month",0,IF(B9="Last Month",1,IF(ISNUMBER(VALUE(RIGHT(B9,2))),-VALUE(RIGHT(B9,2)),"")))) | G9: =IF(F9="","",IF(F9=0,"Current",IF(F9<=3,"Recent",IF(F9<=6,"Older","Out of range")))) | H9: =IF(A9="","",IF(COUNTIF($A$2:A9,A9)=1,MAX($H$1:H8)+1,"")) | I9: =IF(A9="","",IF(COUNTIFS($A$2:A9,A9,$B$2:B9,B9,$D$2:D9,D9,$E$2:E9,E9)>1,"DUP",""))
F10: =IF(A10="","",IF(B10="Current Month",0,IF(B10="Last Month",1,IF(ISNUMBER(VALUE(RIGHT(B10,2))),-VALUE(RIGHT(B10,2)),"")))) | G10: =IF(F10="","",IF(F10=0,"Current",IF(F10<=3,"Recent",IF(F10<=6,"Older","Out of range")))) | H10: =IF(A10="","",IF(COUNTIF($A$2:A10,A10)=1,MAX($H$1:H9)+1,"")) | I10: =IF(A10="","",IF(COUNTIFS($A$2:A10,A10,$B$2:B10,B10,$D$2:D10,D10,$E$2:E10,E10)>1,"DUP",""))
F11: =IF(A11="","",IF(B11="Current Month",0,IF(B11="Last Month",1,IF(ISNUMBER(VALUE(RIGHT(B11,2))),-VALUE(RIGHT(B11,2)),"")))) | G11: =IF(F11="","",IF(F11=0,"Current",IF(F11<=3,"Recent",IF(F11<=6,"Older","Out of range")))) | H11: =IF(A11="","",IF(COUNTIF($A$2:A11,A11)=1,MAX($H$1:H10)+1,"")) | I11: =IF(A11="","",IF(COUNTIFS($A$2:A11,A11,$B$2:B11,B11,$D$2:D11,D11,$E$2:E11,E11)>1,"DUP",""))
F12: =IF(A12="","",IF(B12="Current Month",0,IF(B12="Last Month",1,IF(ISNUMBER(VALUE(RIGHT(B12,2))),-VALUE(RIGHT(B12,2)),"")))) | G12: =IF(F12="","",IF(F12=0,"Current",IF(F12<=3,"Recent",IF(F12<=6,"Older","Out of range")))) | H12: =IF(A12="","",IF(COUNTIF($A$2:A12,A12)=1,MAX($H$1:H11)+1,"")) | I12: =IF(A12="","",IF(COUNTIFS($A$2:A12,A12,$B$2:B12,B12,$D$2:D12,D12,$E$2:E12,E12)>1,"DUP",""))
F13: =IF(A13="","",IF(B13="Current Month",0,IF(B13="Last Month",1,IF(ISNUMBER(VALUE(RIGHT(B13,2))),-VALUE(RIGHT(B13,2)),"")))) | G13: =IF(F13="","",IF(F13=0,"Current",IF(F13<=3,"Recent",IF(F13<=6,"Older","Out of range")))) | H13: =IF(A13="","",IF(COUNTIF($A$2:A13,A13)=1,MAX($H$1:H12)+1,"")) | I13: =IF(A13="","",IF(COUNTIFS($A$2:A13,A13,$B$2:B13,B13,$D$2:D13,D13,$E$2:E13,E13)>1,"DUP",""))
F14: =IF(A14="","",IF(B14="Current Month",0,IF(B14="Last Month",1,IF(ISNUMBER(VALUE(RIGHT(B14,2))),-VALUE(RIGHT(B14,2)),"")))) | G14: =IF(F14="","",IF(F14=0,"Current",IF(F14<=3,"Recent",IF(F14<=6,"Older","Out of range")))) | H14: =IF(A14="","",IF(COUNTIF($A$2:A14,A14)=1,MAX($H$1:H13)+1,"")) | I14: =IF(A14="","",IF(COUNTIFS($A$2:A14,A14,$B$2:B14,B14,$D$2:D14,D14,$E$2:E14,E14)>1,"DUP",""))
... F3001: =IF(A3001="","",IF(B3001="Current Month",0,IF(B3001="Last Month",1,IF(ISNUMBER(VALUE(RIGHT(B3001,2))),-VALUE(RIGHT(B3001,2)),"")))) | G3001: =IF(F3001="","",IF(F3001=0,"Current",IF(F3001<=3,"Recent",IF(F3001<=6,"Older","Out of range")))) | H3001: =IF(A3001="","",IF(COUNTIF($A$2:A3001,A3001)=1,MAX($H$1:H3000)+1,"")) | I3001: =IF(A3001="","",IF(COUNTIFS($A$2:A3001,A3001,$B$2:B3001,B3001,$D$2:D3001,D3001,$E$2:E3001,E3001)>1,"DUP",""))

Sheet Checks
A1: Data checks
A2: Todo debe estar en OK antes de usar los resultados.
A3: Check | B3: Value | C3: Status | D3: Note
A4: Data rows pasted (rows 2-3001) | B4: =COUNTA(Raw_data!$A$2:$A$3001) -> 1 | C4: =IF(B4>0,"OK","CHECK: no data") -> OK | D4: Se cuenta también la fila de ejemplo si no se ha sobrescrito.
A5: Rows pasted beyond row 3001 | B5: =COUNTA(Raw_data!$A$3002:$A$20000) -> 0 | C5: =IF(B5=0,"OK","CHECK: data outside range") -> OK | D5: Amplía las fórmulas de Raw_data si hay más de 3.000 filas.
A6: Total volume (all rows) | B6: =SUM(Raw_data!$C$2:$C$3001) -> 43 | C6: ="Info" -> Info | D6: Debe coincidir con la suma de tu hoja de origen.
A7: Volume labelled TP | B7: =SUMIFS(Raw_data!$C$2:$C$3001,Raw_data!$D$2:$D$3001,"TP") -> 0 | C7: ="Info" -> Info
A8: Volume labelled FP | B8: =SUMIFS(Raw_data!$C$2:$C$3001,Raw_data!$D$2:$D$3001,"FP") -> 43 | C8: ="Info" -> Info
A9: Volume with other / blank Result | B9: =B6-B7-B8 -> 0 | C9: =IF(B9=0,"OK","CHECK: Result is not only TP/FP") -> OK | D9: Busca espacios sobrantes o etiquetas distintas.
A10: Volume in month 0 (current, partial) | B10: =SUMIFS(Raw_data!$C$2:$C$3001,Raw_data!$G$2:$G$3001,"Current") -> 0 | C10: ="Info" -> Info | D10: Excluido de las ventanas 3M, Prior 3M y 6M.
A11: Volume without valid month (NULL etc.) | B11: =B6-SUMIFS(Raw_data!$C$2:$C$3001,Raw_data!$F$2:$F$3001,">=0") -> 0 | C11: =IF(B11=0,"OK","INFO: "&TEXT(B11/B6,"0.0%")&" of volume has no valid month") -> OK | D11: Reporta este volumen como incidencia de calidad de datos.
A12: Volume in months 1-6 | B12: =SUMIFS(Raw_data!$C$2:$C$3001,Raw_data!$G$2:$G$3001,"Recent")+SUMIFS(Raw_data!$C$2:$C$3001,Raw_data!$G$2:$G$3001,"Older") -> 43 | C12: ="Info" -> Info
A13: Summary alerts 6M minus months 1-6 volume | B13: =Summary!H155-B12 -> 0 | C13: =IF(B13=0,"OK","CHECK: Summary does not reconcile") -> OK | D13: Si no es 0: más de 150 escenarios o nombres con espacios distintos.
A14: Unique scenarios found | B14: =MAX(Raw_data!$H$2:$H$3001) -> 1 | C14: =IF(B14<=150,"OK","CHECK: more than 150 scenarios") -> OK | D14: Capacidad de las hojas por escenario: 150.
A15: Possible duplicate rows | B15: =COUNTIF(Raw_data!$I$2:$I$3001,"DUP") -> 0 | C15: =IF(B15=0,"OK","CHECK: see column I of Raw_data") -> OK | D15: Misma combinación escenario, periodo, resultado y tipo.

Sheet Summary
A1: Summary by scenario
A2: TP/FP por escenario en tres ventanas. Recent = meses 1-3 (3M), Older = meses 4-6 (Prior 3M), 6M = ambos. Mes 0 y NULL excluidos.
A4: Scenario | B4: TP 3M (Recent) | C4: FP 3M (Recent) | D4: TP Prior 3M (Older) | E4: FP Prior 3M (Older) | F4: TP 6M | G4: FP 6M | H4: Alerts 6M | I4: Precision 3M | J4: Precision Prior 3M | K4: Precision 6M | L4: Alerts per TP (6M) | M4: FP ratio 6M | N4: FP share (of total FP) | O4: TP share (of total TP) | P4: FP rank (1 = most FP)
A5: =IFERROR(INDEX(Raw_data!$A$2:$A$3001,MATCH(ROWS(A$5:A5),Raw_data!$H$2:$H$3001,0)),"") -> RSK RED P CVOL CVAL | B5: =IF($A5="","",SUMIFS(Raw_data!$C$2:$C$3001,Raw_data!$A$2:$A$3001,$A5,Raw_data!$D$2:$D$3001,"TP",Raw_data!$G$2:$G$3001,"Recent")) -> 0 | C5: =IF($A5="","",SUMIFS(Raw_data!$C$2:$C$3001,Raw_data!$A$2:$A$3001,$A5,Raw_data!$D$2:$D$3001,"FP",Raw_data!$G$2:$G$3001,"Recent")) -> 43 | D5: =IF($A5="","",SUMIFS(Raw_data!$C$2:$C$3001,Raw_data!$A$2:$A$3001,$A5,Raw_data!$D$2:$D$3001,"TP",Raw_data!$G$2:$G$3001,"Older")) -> 0 | E5: =IF($A5="","",SUMIFS(Raw_data!$C$2:$C$3001,Raw_data!$A$2:$A$3001,$A5,Raw_data!$D$2:$D$3001,"FP",Raw_data!$G$2:$G$3001,"Older")) -> 0 | F5: =IF($A5="","",B5+D5) -> 0 | G5: =IF($A5="","",C5+E5) -> 43 | H5: =IF($A5="","",F5+G5) -> 43 | I5: =IF($A5="","",IF(B5+C5=0,"",B5/(B5+C5))) -> 0 | J5: =IF($A5="","",IF(D5+E5=0,"",D5/(D5+E5))) | K5: =IF($A5="","",IF(H5=0,"",F5/H5)) -> 0 | L5: =IF($A5="","",IF(F5=0,"",H5/F5)) | M5: =IF($A5="","",IF(H5=0,"",G5/H5)) -> 1 | N5: =IF($A5="","",IF($G$155=0,"",G5/$G$155)) -> 1 | O5: =IF($A5="","",IF($F$155=0,"",F5/$F$155)) | P5: =IF($A5="","",RANK(G5,$G$5:$G$154)+COUNTIF($G$5:G5,G5)-1) -> 1
A6: =IFERROR(INDEX(Raw_data!$A$2:$A$3001,MATCH(ROWS(A$5:A6),Raw_data!$H$2:$H$3001,0)),"") | B6: =IF($A6="","",SUMIFS(Raw_data!$C$2:$C$3001,Raw_data!$A$2:$A$3001,$A6,Raw_data!$D$2:$D$3001,"TP",Raw_data!$G$2:$G$3001,"Recent")) | C6: =IF($A6="","",SUMIFS(Raw_data!$C$2:$C$3001,Raw_data!$A$2:$A$3001,$A6,Raw_data!$D$2:$D$3001,"FP",Raw_data!$G$2:$G$3001,"Recent")) | D6: =IF($A6="","",SUMIFS(Raw_data!$C$2:$C$3001,Raw_data!$A$2:$A$3001,$A6,Raw_data!$D$2:$D$3001,"TP",Raw_data!$G$2:$G$3001,"Older")) | E6: =IF($A6="","",SUMIFS(Raw_data!$C$2:$C$3001,Raw_data!$A$2:$A$3001,$A6,Raw_data!$D$2:$D$3001,"FP",Raw_data!$G$2:$G$3001,"Older")) | F6: =IF($A6="","",B6+D6) | G6: =IF($A6="","",C6+E6) | H6: =IF($A6="","",F6+G6) | I6: =IF($A6="","",IF(B6+C6=0,"",B6/(B6+C6))) | J6: =IF($A6="","",IF(D6+E6=0,"",D6/(D6+E6))) | K6: =IF($A6="","",IF(H6=0,"",F6/H6)) | L6: =IF($A6="","",IF(F6=0,"",H6/F6)) | M6: =IF($A6="","",IF(H6=0,"",G6/H6)) | N6: =IF($A6="","",IF($G$155=0,"",G6/$G$155)) | O6: =IF($A6="","",IF($F$155=0,"",F6/$F$155)) | P6: =IF($A6="","",RANK(G6,$G$5:$G$154)+COUNTIF($G$5:G6,G6)-1)
A7: =IFERROR(INDEX(Raw_data!$A$2:$A$3001,MATCH(ROWS(A$5:A7),Raw_data!$H$2:$H$3001,0)),"") | B7: =IF($A7="","",SUMIFS(Raw_data!$C$2:$C$3001,Raw_data!$A$2:$A$3001,$A7,Raw_data!$D$2:$D$3001,"TP",Raw_data!$G$2:$G$3001,"Recent")) | C7: =IF($A7="","",SUMIFS(Raw_data!$C$2:$C$3001,Raw_data!$A$2:$A$3001,$A7,Raw_data!$D$2:$D$3001,"FP",Raw_data!$G$2:$G$3001,"Recent")) | D7: =IF($A7="","",SUMIFS(Raw_data!$C$2:$C$3001,Raw_data!$A$2:$A$3001,$A7,Raw_data!$D$2:$D$3001,"TP",Raw_data!$G$2:$G$3001,"Older")) | E7: =IF($A7="","",SUMIFS(Raw_data!$C$2:$C$3001,Raw_data!$A$2:$A$3001,$A7,Raw_data!$D$2:$D$3001,"FP",Raw_data!$G$2:$G$3001,"Older")) | F7: =IF($A7="","",B7+D7) | G7: =IF($A7="","",C7+E7) | H7: =IF($A7="","",F7+G7) | I7: =IF($A7="","",IF(B7+C7=0,"",B7/(B7+C7))) | J7: =IF($A7="","",IF(D7+E7=0,"",D7/(D7+E7))) | K7: =IF($A7="","",IF(H7=0,"",F7/H7)) | L7: =IF($A7="","",IF(F7=0,"",H7/F7)) | M7: =IF($A7="","",IF(H7=0,"",G7/H7)) | N7: =IF($A7="","",IF($G$155=0,"",G7/$G$155)) | O7: =IF($A7="","",IF($F$155=0,"",F7/$F$155)) | P7: =IF($A7="","",RANK(G7,$G$5:$G$154)+COUNTIF($G$5:G7,G7)-1)
A8: =IFERROR(INDEX(Raw_data!$A$2:$A$3001,MATCH(ROWS(A$5:A8),Raw_data!$H$2:$H$3001,0)),"") | B8: =IF($A8="","",SUMIFS(Raw_data!$C$2:$C$3001,Raw_data!$A$2:$A$3001,$A8,Raw_data!$D$2:$D$3001,"TP",Raw_data!$G$2:$G$3001,"Recent")) | C8: =IF($A8="","",SUMIFS(Raw_data!$C$2:$C$3001,Raw_data!$A$2:$A$3001,$A8,Raw_data!$D$2:$D$3001,"FP",Raw_data!$G$2:$G$3001,"Recent")) | D8: =IF($A8="","",SUMIFS(Raw_data!$C$2:$C$3001,Raw_data!$A$2:$A$3001,$A8,Raw_data!$D$2:$D$3001,"TP",Raw_data!$G$2:$G$3001,"Older")) | E8: =IF($A8="","",SUMIFS(Raw_data!$C$2:$C$3001,Raw_data!$A$2:$A$3001,$A8,Raw_data!$D$2:$D$3001,"FP",Raw_data!$G$2:$G$3001,"Older")) | F8: =IF($A8="","",B8+D8) | G8: =IF($A8="","",C8+E8) | H8: =IF($A8="","",F8+G8) | I8: =IF($A8="","",IF(B8+C8=0,"",B8/(B8+C8))) | J8: =IF($A8="","",IF(D8+E8=0,"",D8/(D8+E8))) | K8: =IF($A8="","",IF(H8=0,"",F8/H8)) | L8: =IF($A8="","",IF(F8=0,"",H8/F8)) | M8: =IF($A8="","",IF(H8=0,"",G8/H8)) | N8: =IF($A8="","",IF($G$155=0,"",G8/$G$155)) | O8: =IF($A8="","",IF($F$155=0,"",F8/$F$155)) | P8: =IF($A8="","",RANK(G8,$G$5:$G$154)+COUNTIF($G$5:G8,G8)-1)
A9: =IFERROR(INDEX(Raw_data!$A$2:$A$3001,MATCH(ROWS(A$5:A9),Raw_data!$H$2:$H$3001,0)),"") | B9: =IF($A9="","",SUMIFS(Raw_data!$C$2:$C$3001,Raw_data!$A$2:$A$3001,$A9,Raw_data!$D$2:$D$3001,"TP",Raw_data!$G$2:$G$3001,"Recent")) | C9: =IF($A9="","",SUMIFS(Raw_data!$C$2:$C$3001,Raw_data!$A$2:$A$3001,$A9,Raw_data!$D$2:$D$3001,"FP",Raw_data!$G$2:$G$3001,"Recent")) | D9: =IF($A9="","",SUMIFS(Raw_data!$C$2:$C$3001,Raw_data!$A$2:$A$3001,$A9,Raw_data!$D$2:$D$3001,"TP",Raw_data!$G$2:$G$3001,"Older")) | E9: =IF($A9="","",SUMIFS(Raw_data!$C$2:$C$3001,Raw_data!$A$2:$A$3001,$A9,Raw_data!$D$2:$D$3001,"FP",Raw_data!$G$2:$G$3001,"Older")) | F9: =IF($A9="","",B9+D9) | G9: =IF($A9="","",C9+E9) | H9: =IF($A9="","",F9+G9) | I9: =IF($A9="","",IF(B9+C9=0,"",B9/(B9+C9))) | J9: =IF($A9="","",IF(D9+E9=0,"",D9/(D9+E9))) | K9: =IF($A9="","",IF(H9=0,"",F9/H9)) | L9: =IF($A9="","",IF(F9=0,"",H9/F9)) | M9: =IF($A9="","",IF(H9=0,"",G9/H9)) | N9: =IF($A9="","",IF($G$155=0,"",G9/$G$155)) | O9: =IF($A9="","",IF($F$155=0,"",F9/$F$155)) | P9: =IF($A9="","",RANK(G9,$G$5:$G$154)+COUNTIF($G$5:G9,G9)-1)
A10: =IFERROR(INDEX(Raw_data!$A$2:$A$3001,MATCH(ROWS(A$5:A10),Raw_data!$H$2:$H$3001,0)),"") | B10: =IF($A10="","",SUMIFS(Raw_data!$C$2:$C$3001,Raw_data!$A$2:$A$3001,$A10,Raw_data!$D$2:$D$3001,"TP",Raw_data!$G$2:$G$3001,"Recent")) | C10: =IF($A10="","",SUMIFS(Raw_data!$C$2:$C$3001,Raw_data!$A$2:$A$3001,$A10,Raw_data!$D$2:$D$3001,"FP",Raw_data!$G$2:$G$3001,"Recent")) | D10: =IF($A10="","",SUMIFS(Raw_data!$C$2:$C$3001,Raw_data!$A$2:$A$3001,$A10,Raw_data!$D$2:$D$3001,"TP",Raw_data!$G$2:$G$3001,"Older")) | E10: =IF($A10="","",SUMIFS(Raw_data!$C$2:$C$3001,Raw_data!$A$2:$A$3001,$A10,Raw_data!$D$2:$D$3001,"FP",Raw_data!$G$2:$G$3001,"Older")) | F10: =IF($A10="","",B10+D10) | G10: =IF($A10="","",C10+E10) | H10: =IF($A10="","",F10+G10) | I10: =IF($A10="","",IF(B10+C10=0,"",B10/(B10+C10))) | J10: =IF($A10="","",IF(D10+E10=0,"",D10/(D10+E10))) | K10: =IF($A10="","",IF(H10=0,"",F10/H10)) | L10: =IF($A10="","",IF(F10=0,"",H10/F10)) | M10: =IF($A10="","",IF(H10=0,"",G10/H10)) | N10: =IF($A10="","",IF($G$155=0,"",G10/$G$155)) | O10: =IF($A10="","",IF($F$155=0,"",F10/$F$155)) | P10: =IF($A10="","",RANK(G10,$G$5:$G$154)+COUNTIF($G$5:G10,G10)-1)
A11: =IFERROR(INDEX(Raw_data!$A$2:$A$3001,MATCH(ROWS(A$5:A11),Raw_data!$H$2:$H$3001,0)),"") | B11: =IF($A11="","",SUMIFS(Raw_data!$C$2:$C$3001,Raw_data!$A$2:$A$3001,$A11,Raw_data!$D$2:$D$3001,"TP",Raw_data!$G$2:$G$3001,"Recent")) | C11: =IF($A11="","",SUMIFS(Raw_data!$C$2:$C$3001,Raw_data!$A$2:$A$3001,$A11,Raw_data!$D$2:$D$3001,"FP",Raw_data!$G$2:$G$3001,"Recent")) | D11: =IF($A11="","",SUMIFS(Raw_data!$C$2:$C$3001,Raw_data!$A$2:$A$3001,$A11,Raw_data!$D$2:$D$3001,"TP",Raw_data!$G$2:$G$3001,"Older")) | E11: =IF($A11="","",SUMIFS(Raw_data!$C$2:$C$3001,Raw_data!$A$2:$A$3001,$A11,Raw_data!$D$2:$D$3001,"FP",Raw_data!$G$2:$G$3001,"Older")) | F11: =IF($A11="","",B11+D11) | G11: =IF($A11="","",C11+E11) | H11: =IF($A11="","",F11+G11) | I11: =IF($A11="","",IF(B11+C11=0,"",B11/(B11+C11))) | J11: =IF($A11="","",IF(D11+E11=0,"",D11/(D11+E11))) | K11: =IF($A11="","",IF(H11=0,"",F11/H11)) | L11: =IF($A11="","",IF(F11=0,"",H11/F11)) | M11: =IF($A11="","",IF(H11=0,"",G11/H11)) | N11: =IF($A11="","",IF($G$155=0,"",G11/$G$155)) | O11: =IF($A11="","",IF($F$155=0,"",F11/$F$155)) | P11: =IF($A11="","",RANK(G11,$G$5:$G$154)+COUNTIF($G$5:G11,G11)-1)
A12: =IFERROR(INDEX(Raw_data!$A$2:$A$3001,MATCH(ROWS(A$5:A12),Raw_data!$H$2:$H$3001,0)),"") | B12: =IF($A12="","",SUMIFS(Raw_data!$C$2:$C$3001,Raw_data!$A$2:$A$3001,$A12,Raw_data!$D$2:$D$3001,"TP",Raw_data!$G$2:$G$3001,"Recent")) | C12: =IF($A12="","",SUMIFS(Raw_data!$C$2:$C$3001,Raw_data!$A$2:$A$3001,$A12,Raw_data!$D$2:$D$3001,"FP",Raw_data!$G$2:$G$3001,"Recent")) | D12: =IF($A12="","",SUMIFS(Raw_data!$C$2:$C$3001,Raw_data!$A$2:$A$3001,$A12,Raw_data!$D$2:$D$3001,"TP",Raw_data!$G$2:$G$3001,"Older")) | E12: =IF($A12="","",SUMIFS(Raw_data!$C$2:$C$3001,Raw_data!$A$2:$A$3001,$A12,Raw_data!$D$2:$D$3001,"FP",Raw_data!$G$2:$G$3001,"Older")) | F12: =IF($A12="","",B12+D12) | G12: =IF($A12="","",C12+E12) | H12: =IF($A12="","",F12+G12) | I12: =IF($A12="","",IF(B12+C12=0,"",B12/(B12+C12))) | J12: =IF($A12="","",IF(D12+E12=0,"",D12/(D12+E12))) | K12: =IF($A12="","",IF(H12=0,"",F12/H12)) | L12: =IF($A12="","",IF(F12=0,"",H12/F12)) | M12: =IF($A12="","",IF(H12=0,"",G12/H12)) | N12: =IF($A12="","",IF($G$155=0,"",G12/$G$155)) | O12: =IF($A12="","",IF($F$155=0,"",F12/$F$155)) | P12: =IF($A12="","",RANK(G12,$G$5:$G$154)+COUNTIF($G$5:G12,G12)-1)
A13: =IFERROR(INDEX(Raw_data!$A$2:$A$3001,MATCH(ROWS(A$5:A13),Raw_data!$H$2:$H$3001,0)),"") | B13: =IF($A13="","",SUMIFS(Raw_data!$C$2:$C$3001,Raw_data!$A$2:$A$3001,$A13,Raw_data!$D$2:$D$3001,"TP",Raw_data!$G$2:$G$3001,"Recent")) | C13: =IF($A13="","",SUMIFS(Raw_data!$C$2:$C$3001,Raw_data!$A$2:$A$3001,$A13,Raw_data!$D$2:$D$3001,"FP",Raw_data!$G$2:$G$3001,"Recent")) | D13: =IF($A13="","",SUMIFS(Raw_data!$C$2:$C$3001,Raw_data!$A$2:$A$3001,$A13,Raw_data!$D$2:$D$3001,"TP",Raw_data!$G$2:$G$3001,"Older")) | E13: =IF($A13="","",SUMIFS(Raw_data!$C$2:$C$3001,Raw_data!$A$2:$A$3001,$A13,Raw_data!$D$2:$D$3001,"FP",Raw_data!$G$2:$G$3001,"Older")) | F13: =IF($A13="","",B13+D13) | G13: =IF($A13="","",C13+E13) | H13: =IF($A13="","",F13+G13) | I13: =IF($A13="","",IF(B13+C13=0,"",B13/(B13+C13))) | J13: =IF($A13="","",IF(D13+E13=0,"",D13/(D13+E13))) | K13: =IF($A13="","",IF(H13=0,"",F13/H13)) | L13: =IF($A13="","",IF(F13=0,"",H13/F13)) | M13: =IF($A13="","",IF(H13=0,"",G13/H13)) | N13: =IF($A13="","",IF($G$155=0,"",G13/$G$155)) | O13: =IF($A13="","",IF($F$155=0,"",F13/$F$155)) | P13: =IF($A13="","",RANK(G13,$G$5:$G$154)+COUNTIF($G$5:G13,G13)-1)
A14: =IFERROR(INDEX(Raw_data!$A$2:$A$3001,MATCH(ROWS(A$5:A14),Raw_data!$H$2:$H$3001,0)),"") | B14: =IF($A14="","",SUMIFS(Raw_data!$C$2:$C$3001,Raw_data!$A$2:$A$3001,$A14,Raw_data!$D$2:$D$3001,"TP",Raw_data!$G$2:$G$3001,"Recent")) | C14: =IF($A14="","",SUMIFS(Raw_data!$C$2:$C$3001,Raw_data!$A$2:$A$3001,$A14,Raw_data!$D$2:$D$3001,"FP",Raw_data!$G$2:$G$3001,"Recent")) | D14: =IF($A14="","",SUMIFS(Raw_data!$C$2:$C$3001,Raw_data!$A$2:$A$3001,$A14,Raw_data!$D$2:$D$3001,"TP",Raw_data!$G$2:$G$3001,"Older")) | E14: =IF($A14="","",SUMIFS(Raw_data!$C$2:$C$3001,Raw_data!$A$2:$A$3001,$A14,Raw_data!$D$2:$D$3001,"FP",Raw_data!$G$2:$G$3001,"Older")) | F14: =IF($A14="","",B14+D14) | G14: =IF($A14="","",C14+E14) | H14: =IF($A14="","",F14+G14) | I14: =IF($A14="","",IF(B14+C14=0,"",B14/(B14+C14))) | J14: =IF($A14="","",IF(D14+E14=0,"",D14/(D14+E14))) | K14: =IF($A14="","",IF(H14=0,"",F14/H14)) | L14: =IF($A14="","",IF(F14=0,"",H14/F14)) | M14: =IF($A14="","",IF(H14=0,"",G14/H14)) | N14: =IF($A14="","",IF($G$155=0,"",G14/$G$155)) | O14: =IF($A14="","",IF($F$155=0,"",F14/$F$155)) | P14: =IF($A14="","",RANK(G14,$G$5:$G$154)+COUNTIF($G$5:G14,G14)-1)
A15: =IFERROR(INDEX(Raw_data!$A$2:$A$3001,MATCH(ROWS(A$5:A15),Raw_data!$H$2:$H$3001,0)),"") | B15: =IF($A15="","",SUMIFS(Raw_data!$C$2:$C$3001,Raw_data!$A$2:$A$3001,$A15,Raw_data!$D$2:$D$3001,"TP",Raw_data!$G$2:$G$3001,"Recent")) | C15: =IF($A15="","",SUMIFS(Raw_data!$C$2:$C$3001,Raw_data!$A$2:$A$3001,$A15,Raw_data!$D$2:$D$3001,"FP",Raw_data!$G$2:$G$3001,"Recent")) | D15: =IF($A15="","",SUMIFS(Raw_data!$C$2:$C$3001,Raw_data!$A$2:$A$3001,$A15,Raw_data!$D$2:$D$3001,"TP",Raw_data!$G$2:$G$3001,"Older")) | E15: =IF($A15="","",SUMIFS(Raw_data!$C$2:$C$3001,Raw_data!$A$2:$A$3001,$A15,Raw_data!$D$2:$D$3001,"FP",Raw_data!$G$2:$G$3001,"Older")) | F15: =IF($A15="","",B15+D15) | G15: =IF($A15="","",C15+E15) | H15: =IF($A15="","",F15+G15) | I15: =IF($A15="","",IF(B15+C15=0,"",B15/(B15+C15))) | J15: =IF($A15="","",IF(D15+E15=0,"",D15/(D15+E15))) | K15: =IF($A15="","",IF(H15=0,"",F15/H15)) | L15: =IF($A15="","",IF(F15=0,"",H15/F15)) | M15: =IF($A15="","",IF(H15=0,"",G15/H15)) | N15: =IF($A15="","",IF($G$155=0,"",G15/$G$155)) | O15: =IF($A15="","",IF($F$155=0,"",F15/$F$155)) | P15: =IF($A15="","",RANK(G15,$G$5:$G$154)+COUNTIF($G$5:G15,G15)-1)
A16: =IFERROR(INDEX(Raw_data!$A$2:$A$3001,MATCH(ROWS(A$5:A16),Raw_data!$H$2:$H$3001,0)),"") | B16: =IF($A16="","",SUMIFS(Raw_data!$C$2:$C$3001,Raw_data!$A$2:$A$3001,$A16,Raw_data!$D$2:$D$3001,"TP",Raw_data!$G$2:$G$3001,"Recent")) | C16: =IF($A16="","",SUMIFS(Raw_data!$C$2:$C$3001,Raw_data!$A$2:$A$3001,$A16,Raw_data!$D$2:$D$3001,"FP",Raw_data!$G$2:$G$3001,"Recent")) | D16: =IF($A16="","",SUMIFS(Raw_data!$C$2:$C$3001,Raw_data!$A$2:$A$3001,$A16,Raw_data!$D$2:$D$3001,"TP",Raw_data!$G$2:$G$3001,"Older")) | E16: =IF($A16="","",SUMIFS(Raw_data!$C$2:$C$3001,Raw_data!$A$2:$A$3001,$A16,Raw_data!$D$2:$D$3001,"FP",Raw_data!$G$2:$G$3001,"Older")) | F16: =IF($A16="","",B16+D16) | G16: =IF($A16="","",C16+E16) | H16: =IF($A16="","",F16+G16) | I16: =IF($A16="","",IF(B16+C16=0,"",B16/(B16+C16))) | J16: =IF($A16="","",IF(D16+E16=0,"",D16/(D16+E16))) | K16: =IF($A16="","",IF(H16=0,"",F16/H16)) | L16: =IF($A16="","",IF(F16=0,"",H16/F16)) | M16: =IF($A16="","",IF(H16=0,"",G16/H16)) | N16: =IF($A16="","",IF($G$155=0,"",G16/$G$155)) | O16: =IF($A16="","",IF($F$155=0,"",F16/$F$155)) | P16: =IF($A16="","",RANK(G16,$G$5:$G$154)+COUNTIF($G$5:G16,G16)-1)
... A154: =IFERROR(INDEX(Raw_data!$A$2:$A$3001,MATCH(ROWS(A$5:A154),Raw_data!$H$2:$H$3001,0)),"") | B154: =IF($A154="","",SUMIFS(Raw_data!$C$2:$C$3001,Raw_data!$A$2:$A$3001,$A154,Raw_data!$D$2:$D$3001,"TP",Raw_data!$G$2:$G$3001,"Recent")) | C154: =IF($A154="","",SUMIFS(Raw_data!$C$2:$C$3001,Raw_data!$A$2:$A$3001,$A154,Raw_data!$D$2:$D$3001,"FP",Raw_data!$G$2:$G$3001,"Recent")) | D154: =IF($A154="","",SUMIFS(Raw_data!$C$2:$C$3001,Raw_data!$A$2:$A$3001,$A154,Raw_data!$D$2:$D$3001,"TP",Raw_data!$G$2:$G$3001,"Older")) | E154: =IF($A154="","",SUMIFS(Raw_data!$C$2:$C$3001,Raw_data!$A$2:$A$3001,$A154,Raw_data!$D$2:$D$3001,"FP",Raw_data!$G$2:$G$3001,"Older")) | F154: =IF($A154="","",B154+D154) | G154: =IF($A154="","",C154+E154) | H154: =IF($A154="","",F154+G154) | I154: =IF($A154="","",IF(B154+C154=0,"",B154/(B154+C154))) | J154: =IF($A154="","",IF(D154+E154=0,"",D154/(D154+E154))) | K154: =IF($A154="","",IF(H154=0,"",F154/H154)) | L154: =IF($A154="","",IF(F154=0,"",H154/F154)) | M154: =IF($A154="","",IF(H154=0,"",G154/H154)) | N154: =IF($A154="","",IF($G$155=0,"",G154/$G$155)) | O154: =IF($A154="","",IF($F$155=0,"",F154/$F$155)) | P154: =IF($A154="","",RANK(G154,$G$5:$G$154)+COUNTIF($G$5:G154,G154)-1)
A155: TOTAL | B155: =SUM(B5:B154) -> 0 | C155: =SUM(C5:C154) -> 43 | D155: =SUM(D5:D154) -> 0 | E155: =SUM(E5:E154) -> 0 | F155: =SUM(F5:F154) -> 0 | G155: =SUM(G5:G154) -> 43 | H155: =SUM(H5:H154) -> 43 | I155: =IF(B155+C155=0,"",B155/(B155+C155)) -> 0 | J155: =IF(D155+E155=0,"",D155/(D155+E155)) | K155: =IF(H155=0,"",F155/H155) -> 0 | L155: =IF(F155=0,"",H155/F155) | M155: =IF(H155=0,"",G155/H155) -> 1

Sheet Wilson
A1: Wilson intervals for precision
A2: Intervalo de Wilson de TP/(TP+FP). Banderas: Low evidence, Wide interval (ancho > precisión), Colour not supported (el intervalo del FP ratio cruza un corte de color de Parameters).
A4: Scenario | B4: n 3M | C4: Precision 3M | D4: Lower 3M | E4: Upper 3M | F4: n Prior 3M | G4: Precision Prior 3M | H4: Lower Prior 3M | I4: Upper Prior 3M | J4: n 6M | K4: Precision 6M | L4: Lower 6M | M4: Upper 6M | N4: Width 6M | O4: Alerts per TP: best case | P4: Alerts per TP: worst case | Q4: Low evidence (6M) | R4: Wide interval (6M) | S4: Colour not supported (6M) | T4: Colour not supported (3M)
A5: =IF(Summary!A5="","",Summary!A5) -> RSK RED P CVOL CVAL | B5: =IF($A5="","",Summary!B5+Summary!C5) -> 43 | C5: =IF(OR($A5="",B5=0),"",Summary!B5/B5) -> 0 | D5: =IF(OR($A5="",B5=0),"",MAX(0,(C5+Parameters!$B$5^2/(2*B5)-Parameters!$B$5*SQRT(C5*(1-C5)/B5+Parameters!$B$5^2/(4*B5^2)))/(1+Parameters!$B$5^2/B5))) -> 0 | E5: =IF(OR($A5="",B5=0),"",MIN(1,(C5+Parameters!$B$5^2/(2*B5)+Parameters!$B$5*SQRT(C5*(1-C5)/B5+Parameters!$B$5^2/(4*B5^2)))/(1+Parameters!$B$5^2/B5))) -> 0.082009803 | F5: =IF($A5="","",Summary!D5+Summary!E5) -> 0 | G5: =IF(OR($A5="",F5=0),"",Summary!D5/F5) | H5: =IF(OR($A5="",F5=0),"",MAX(0,(G5+Parameters!$B$5^2/(2*F5)-Parameters!$B$5*SQRT(G5*(1-G5)/F5+Parameters!$B$5^2/(4*F5^2)))/(1+Parameters!$B$5^2/F5))) | I5: =IF(OR($A5="",F5=0),"",MIN(1,(G5+Parameters!$B$5^2/(2*F5)+Parameters!$B$5*SQRT(G5*(1-G5)/F5+Parameters!$B$5^2/(4*F5^2)))/(1+Parameters!$B$5^2/F5))) | J5: =IF($A5="","",Summary!F5+Summary!G5) -> 43 | K5: =IF(OR($A5="",J5=0),"",Summary!F5/J5) -> 0 | L5: =IF(OR($A5="",J5=0),"",MAX(0,(K5+Parameters!$B$5^2/(2*J5)-Parameters!$B$5*SQRT(K5*(1-K5)/J5+Parameters!$B$5^2/(4*J5^2)))/(1+Parameters!$B$5^2/J5))) -> 0 | M5: =IF(OR($A5="",J5=0),"",MIN(1,(K5+Parameters!$B$5^2/(2*J5)+Parameters!$B$5*SQRT(K5*(1-K5)/J5+Parameters!$B$5^2/(4*J5^2)))/(1+Parameters!$B$5^2/J5))) -> 0.082009803 | N5: =IF(L5="","",M5-L5) -> 0.082009803 | O5: =IF(OR(M5="",M5=0),"",1/M5) -> 12.193664 | P5: =IF(OR(L5="",L5=0),"",1/L5) | Q5: =IF($A5="","",IF(OR(J5<Parameters!$B$6,Summary!F5<Parameters!$B$7),"Low evidence","")) -> Low evidence | R5: =IF(L5="","",IF((M5-L5)>K5,"Wide interval","")) -> Wide interval | S5: =IF(L5="","",IF(OR(AND(Parameters!$B$8>=1-M5,Parameters!$B$8<=1-L5),AND(Parameters!$B$9>=1-M5,Parameters!$B$9<=1-L5)),"Colour not supported","")) -> Colour not supported | T5: =IF(D5="","",IF(OR(AND(Parameters!$B$8>=1-E5,Parameters!$B$8<=1-D5),AND(Parameters!$B$9>=1-E5,Parameters!$B$9<=1-D5)),"Colour not supported","")) -> Colour not supported
A6: =IF(Summary!A6="","",Summary!A6) | B6: =IF($A6="","",Summary!B6+Summary!C6) | C6: =IF(OR($A6="",B6=0),"",Summary!B6/B6) | D6: =IF(OR($A6="",B6=0),"",MAX(0,(C6+Parameters!$B$5^2/(2*B6)-Parameters!$B$5*SQRT(C6*(1-C6)/B6+Parameters!$B$5^2/(4*B6^2)))/(1+Parameters!$B$5^2/B6))) | E6: =IF(OR($A6="",B6=0),"",MIN(1,(C6+Parameters!$B$5^2/(2*B6)+Parameters!$B$5*SQRT(C6*(1-C6)/B6+Parameters!$B$5^2/(4*B6^2)))/(1+Parameters!$B$5^2/B6))) | F6: =IF($A6="","",Summary!D6+Summary!E6) | G6: =IF(OR($A6="",F6=0),"",Summary!D6/F6) | H6: =IF(OR($A6="",F6=0),"",MAX(0,(G6+Parameters!$B$5^2/(2*F6)-Parameters!$B$5*SQRT(G6*(1-G6)/F6+Parameters!$B$5^2/(4*F6^2)))/(1+Parameters!$B$5^2/F6))) | I6: =IF(OR($A6="",F6=0),"",MIN(1,(G6+Parameters!$B$5^2/(2*F6)+Parameters!$B$5*SQRT(G6*(1-G6)/F6+Parameters!$B$5^2/(4*F6^2)))/(1+Parameters!$B$5^2/F6))) | J6: =IF($A6="","",Summary!F6+Summary!G6) | K6: =IF(OR($A6="",J6=0),"",Summary!F6/J6) | L6: =IF(OR($A6="",J6=0),"",MAX(0,(K6+Parameters!$B$5^2/(2*J6)-Parameters!$B$5*SQRT(K6*(1-K6)/J6+Parameters!$B$5^2/(4*J6^2)))/(1+Parameters!$B$5^2/J6))) | M6: =IF(OR($A6="",J6=0),"",MIN(1,(K6+Parameters!$B$5^2/(2*J6)+Parameters!$B$5*SQRT(K6*(1-K6)/J6+Parameters!$B$5^2/(4*J6^2)))/(1+Parameters!$B$5^2/J6))) | N6: =IF(L6="","",M6-L6) | O6: =IF(OR(M6="",M6=0),"",1/M6) | P6: =IF(OR(L6="",L6=0),"",1/L6) | Q6: =IF($A6="","",IF(OR(J6<Parameters!$B$6,Summary!F6<Parameters!$B$7),"Low evidence","")) | R6: =IF(L6="","",IF((M6-L6)>K6,"Wide interval","")) | S6: =IF(L6="","",IF(OR(AND(Parameters!$B$8>=1-M6,Parameters!$B$8<=1-L6),AND(Parameters!$B$9>=1-M6,Parameters!$B$9<=1-L6)),"Colour not supported","")) | T6: =IF(D6="","",IF(OR(AND(Parameters!$B$8>=1-E6,Parameters!$B$8<=1-D6),AND(Parameters!$B$9>=1-E6,Parameters!$B$9<=1-D6)),"Colour not supported",""))
A7: =IF(Summary!A7="","",Summary!A7) | B7: =IF($A7="","",Summary!B7+Summary!C7) | C7: =IF(OR($A7="",B7=0),"",Summary!B7/B7) | D7: =IF(OR($A7="",B7=0),"",MAX(0,(C7+Parameters!$B$5^2/(2*B7)-Parameters!$B$5*SQRT(C7*(1-C7)/B7+Parameters!$B$5^2/(4*B7^2)))/(1+Parameters!$B$5^2/B7))) | E7: =IF(OR($A7="",B7=0),"",MIN(1,(C7+Parameters!$B$5^2/(2*B7)+Parameters!$B$5*SQRT(C7*(1-C7)/B7+Parameters!$B$5^2/(4*B7^2)))/(1+Parameters!$B$5^2/B7))) | F7: =IF($A7="","",Summary!D7+Summary!E7) | G7: =IF(OR($A7="",F7=0),"",Summary!D7/F7) | H7: =IF(OR($A7="",F7=0),"",MAX(0,(G7+Parameters!$B$5^2/(2*F7)-Parameters!$B$5*SQRT(G7*(1-G7)/F7+Parameters!$B$5^2/(4*F7^2)))/(1+Parameters!$B$5^2/F7))) | I7: =IF(OR($A7="",F7=0),"",MIN(1,(G7+Parameters!$B$5^2/(2*F7)+Parameters!$B$5*SQRT(G7*(1-G7)/F7+Parameters!$B$5^2/(4*F7^2)))/(1+Parameters!$B$5^2/F7))) | J7: =IF($A7="","",Summary!F7+Summary!G7) | K7: =IF(OR($A7="",J7=0),"",Summary!F7/J7) | L7: =IF(OR($A7="",J7=0),"",MAX(0,(K7+Parameters!$B$5^2/(2*J7)-Parameters!$B$5*SQRT(K7*(1-K7)/J7+Parameters!$B$5^2/(4*J7^2)))/(1+Parameters!$B$5^2/J7))) | M7: =IF(OR($A7="",J7=0),"",MIN(1,(K7+Parameters!$B$5^2/(2*J7)+Parameters!$B$5*SQRT(K7*(1-K7)/J7+Parameters!$B$5^2/(4*J7^2)))/(1+Parameters!$B$5^2/J7))) | N7: =IF(L7="","",M7-L7) | O7: =IF(OR(M7="",M7=0),"",1/M7) | P7: =IF(OR(L7="",L7=0),"",1/L7) | Q7: =IF($A7="","",IF(OR(J7<Parameters!$B$6,Summary!F7<Parameters!$B$7),"Low evidence","")) | R7: =IF(L7="","",IF((M7-L7)>K7,"Wide interval","")) | S7: =IF(L7="","",IF(OR(AND(Parameters!$B$8>=1-M7,Parameters!$B$8<=1-L7),AND(Parameters!$B$9>=1-M7,Parameters!$B$9<=1-L7)),"Colour not supported","")) | T7: =IF(D7="","",IF(OR(AND(Parameters!$B$8>=1-E7,Parameters!$B$8<=1-D7),AND(Parameters!$B$9>=1-E7,Parameters!$B$9<=1-D7)),"Colour not supported",""))
A8: =IF(Summary!A8="","",Summary!A8) | B8: =IF($A8="","",Summary!B8+Summary!C8) | C8: =IF(OR($A8="",B8=0),"",Summary!B8/B8) | D8: =IF(OR($A8="",B8=0),"",MAX(0,(C8+Parameters!$B$5^2/(2*B8)-Parameters!$B$5*SQRT(C8*(1-C8)/B8+Parameters!$B$5^2/(4*B8^2)))/(1+Parameters!$B$5^2/B8))) | E8: =IF(OR($A8="",B8=0),"",MIN(1,(C8+Parameters!$B$5^2/(2*B8)+Parameters!$B$5*SQRT(C8*(1-C8)/B8+Parameters!$B$5^2/(4*B8^2)))/(1+Parameters!$B$5^2/B8))) | F8: =IF($A8="","",Summary!D8+Summary!E8) | G8: =IF(OR($A8="",F8=0),"",Summary!D8/F8) | H8: =IF(OR($A8="",F8=0),"",MAX(0,(G8+Parameters!$B$5^2/(2*F8)-Parameters!$B$5*SQRT(G8*(1-G8)/F8+Parameters!$B$5^2/(4*F8^2)))/(1+Parameters!$B$5^2/F8))) | I8: =IF(OR($A8="",F8=0),"",MIN(1,(G8+Parameters!$B$5^2/(2*F8)+Parameters!$B$5*SQRT(G8*(1-G8)/F8+Parameters!$B$5^2/(4*F8^2)))/(1+Parameters!$B$5^2/F8))) | J8: =IF($A8="","",Summary!F8+Summary!G8) | K8: =IF(OR($A8="",J8=0),"",Summary!F8/J8) | L8: =IF(OR($A8="",J8=0),"",MAX(0,(K8+Parameters!$B$5^2/(2*J8)-Parameters!$B$5*SQRT(K8*(1-K8)/J8+Parameters!$B$5^2/(4*J8^2)))/(1+Parameters!$B$5^2/J8))) | M8: =IF(OR($A8="",J8=0),"",MIN(1,(K8+Parameters!$B$5^2/(2*J8)+Parameters!$B$5*SQRT(K8*(1-K8)/J8+Parameters!$B$5^2/(4*J8^2)))/(1+Parameters!$B$5^2/J8))) | N8: =IF(L8="","",M8-L8) | O8: =IF(OR(M8="",M8=0),"",1/M8) | P8: =IF(OR(L8="",L8=0),"",1/L8) | Q8: =IF($A8="","",IF(OR(J8<Parameters!$B$6,Summary!F8<Parameters!$B$7),"Low evidence","")) | R8: =IF(L8="","",IF((M8-L8)>K8,"Wide interval","")) | S8: =IF(L8="","",IF(OR(AND(Parameters!$B$8>=1-M8,Parameters!$B$8<=1-L8),AND(Parameters!$B$9>=1-M8,Parameters!$B$9<=1-L8)),"Colour not supported","")) | T8: =IF(D8="","",IF(OR(AND(Parameters!$B$8>=1-E8,Parameters!$B$8<=1-D8),AND(Parameters!$B$9>=1-E8,Parameters!$B$9<=1-D8)),"Colour not supported",""))
A9: =IF(Summary!A9="","",Summary!A9) | B9: =IF($A9="","",Summary!B9+Summary!C9) | C9: =IF(OR($A9="",B9=0),"",Summary!B9/B9) | D9: =IF(OR($A9="",B9=0),"",MAX(0,(C9+Parameters!$B$5^2/(2*B9)-Parameters!$B$5*SQRT(C9*(1-C9)/B9+Parameters!$B$5^2/(4*B9^2)))/(1+Parameters!$B$5^2/B9))) | E9: =IF(OR($A9="",B9=0),"",MIN(1,(C9+Parameters!$B$5^2/(2*B9)+Parameters!$B$5*SQRT(C9*(1-C9)/B9+Parameters!$B$5^2/(4*B9^2)))/(1+Parameters!$B$5^2/B9))) | F9: =IF($A9="","",Summary!D9+Summary!E9) | G9: =IF(OR($A9="",F9=0),"",Summary!D9/F9) | H9: =IF(OR($A9="",F9=0),"",MAX(0,(G9+Parameters!$B$5^2/(2*F9)-Parameters!$B$5*SQRT(G9*(1-G9)/F9+Parameters!$B$5^2/(4*F9^2)))/(1+Parameters!$B$5^2/F9))) | I9: =IF(OR($A9="",F9=0),"",MIN(1,(G9+Parameters!$B$5^2/(2*F9)+Parameters!$B$5*SQRT(G9*(1-G9)/F9+Parameters!$B$5^2/(4*F9^2)))/(1+Parameters!$B$5^2/F9))) | J9: =IF($A9="","",Summary!F9+Summary!G9) | K9: =IF(OR($A9="",J9=0),"",Summary!F9/J9) | L9: =IF(OR($A9="",J9=0),"",MAX(0,(K9+Parameters!$B$5^2/(2*J9)-Parameters!$B$5*SQRT(K9*(1-K9)/J9+Parameters!$B$5^2/(4*J9^2)))/(1+Parameters!$B$5^2/J9))) | M9: =IF(OR($A9="",J9=0),"",MIN(1,(K9+Parameters!$B$5^2/(2*J9)+Parameters!$B$5*SQRT(K9*(1-K9)/J9+Parameters!$B$5^2/(4*J9^2)))/(1+Parameters!$B$5^2/J9))) | N9: =IF(L9="","",M9-L9) | O9: =IF(OR(M9="",M9=0),"",1/M9) | P9: =IF(OR(L9="",L9=0),"",1/L9) | Q9: =IF($A9="","",IF(OR(J9<Parameters!$B$6,Summary!F9<Parameters!$B$7),"Low evidence","")) | R9: =IF(L9="","",IF((M9-L9)>K9,"Wide interval","")) | S9: =IF(L9="","",IF(OR(AND(Parameters!$B$8>=1-M9,Parameters!$B$8<=1-L9),AND(Parameters!$B$9>=1-M9,Parameters!$B$9<=1-L9)),"Colour not supported","")) | T9: =IF(D9="","",IF(OR(AND(Parameters!$B$8>=1-E9,Parameters!$B$8<=1-D9),AND(Parameters!$B$9>=1-E9,Parameters!$B$9<=1-D9)),"Colour not supported",""))
A10: =IF(Summary!A10="","",Summary!A10) | B10: =IF($A10="","",Summary!B10+Summary!C10) | C10: =IF(OR($A10="",B10=0),"",Summary!B10/B10) | D10: =IF(OR($A10="",B10=0),"",MAX(0,(C10+Parameters!$B$5^2/(2*B10)-Parameters!$B$5*SQRT(C10*(1-C10)/B10+Parameters!$B$5^2/(4*B10^2)))/(1+Parameters!$B$5^2/B10))) | E10: =IF(OR($A10="",B10=0),"",MIN(1,(C10+Parameters!$B$5^2/(2*B10)+Parameters!$B$5*SQRT(C10*(1-C10)/B10+Parameters!$B$5^2/(4*B10^2)))/(1+Parameters!$B$5^2/B10))) | F10: =IF($A10="","",Summary!D10+Summary!E10) | G10: =IF(OR($A10="",F10=0),"",Summary!D10/F10) | H10: =IF(OR($A10="",F10=0),"",MAX(0,(G10+Parameters!$B$5^2/(2*F10)-Parameters!$B$5*SQRT(G10*(1-G10)/F10+Parameters!$B$5^2/(4*F10^2)))/(1+Parameters!$B$5^2/F10))) | I10: =IF(OR($A10="",F10=0),"",MIN(1,(G10+Parameters!$B$5^2/(2*F10)+Parameters!$B$5*SQRT(G10*(1-G10)/F10+Parameters!$B$5^2/(4*F10^2)))/(1+Parameters!$B$5^2/F10))) | J10: =IF($A10="","",Summary!F10+Summary!G10) | K10: =IF(OR($A10="",J10=0),"",Summary!F10/J10) | L10: =IF(OR($A10="",J10=0),"",MAX(0,(K10+Parameters!$B$5^2/(2*J10)-Parameters!$B$5*SQRT(K10*(1-K10)/J10+Parameters!$B$5^2/(4*J10^2)))/(1+Parameters!$B$5^2/J10))) | M10: =IF(OR($A10="",J10=0),"",MIN(1,(K10+Parameters!$B$5^2/(2*J10)+Parameters!$B$5*SQRT(K10*(1-K10)/J10+Parameters!$B$5^2/(4*J10^2)))/(1+Parameters!$B$5^2/J10))) | N10: =IF(L10="","",M10-L10) | O10: =IF(OR(M10="",M10=0),"",1/M10) | P10: =IF(OR(L10="",L10=0),"",1/L10) | Q10: =IF($A10="","",IF(OR(J10<Parameters!$B$6,Summary!F10<Parameters!$B$7),"Low evidence","")) | R10: =IF(L10="","",IF((M10-L10)>K10,"Wide interval","")) | S10: =IF(L10="","",IF(OR(AND(Parameters!$B$8>=1-M10,Parameters!$B$8<=1-L10),AND(Parameters!$B$9>=1-M10,Parameters!$B$9<=1-L10)),"Colour not supported","")) | T10: =IF(D10="","",IF(OR(AND(Parameters!$B$8>=1-E10,Parameters!$B$8<=1-D10),AND(Parameters!$B$9>=1-E10,Parameters!$B$9<=1-D10)),"Colour not supported",""))
A11: =IF(Summary!A11="","",Summary!A11) | B11: =IF($A11="","",Summary!B11+Summary!C11) | C11: =IF(OR($A11="",B11=0),"",Summary!B11/B11) | D11: =IF(OR($A11="",B11=0),"",MAX(0,(C11+Parameters!$B$5^2/(2*B11)-Parameters!$B$5*SQRT(C11*(1-C11)/B11+Parameters!$B$5^2/(4*B11^2)))/(1+Parameters!$B$5^2/B11))) | E11: =IF(OR($A11="",B11=0),"",MIN(1,(C11+Parameters!$B$5^2/(2*B11)+Parameters!$B$5*SQRT(C11*(1-C11)/B11+Parameters!$B$5^2/(4*B11^2)))/(1+Parameters!$B$5^2/B11))) | F11: =IF($A11="","",Summary!D11+Summary!E11) | G11: =IF(OR($A11="",F11=0),"",Summary!D11/F11) | H11: =IF(OR($A11="",F11=0),"",MAX(0,(G11+Parameters!$B$5^2/(2*F11)-Parameters!$B$5*SQRT(G11*(1-G11)/F11+Parameters!$B$5^2/(4*F11^2)))/(1+Parameters!$B$5^2/F11))) | I11: =IF(OR($A11="",F11=0),"",MIN(1,(G11+Parameters!$B$5^2/(2*F11)+Parameters!$B$5*SQRT(G11*(1-G11)/F11+Parameters!$B$5^2/(4*F11^2)))/(1+Parameters!$B$5^2/F11))) | J11: =IF($A11="","",Summary!F11+Summary!G11) | K11: =IF(OR($A11="",J11=0),"",Summary!F11/J11) | L11: =IF(OR($A11="",J11=0),"",MAX(0,(K11+Parameters!$B$5^2/(2*J11)-Parameters!$B$5*SQRT(K11*(1-K11)/J11+Parameters!$B$5^2/(4*J11^2)))/(1+Parameters!$B$5^2/J11))) | M11: =IF(OR($A11="",J11=0),"",MIN(1,(K11+Parameters!$B$5^2/(2*J11)+Parameters!$B$5*SQRT(K11*(1-K11)/J11+Parameters!$B$5^2/(4*J11^2)))/(1+Parameters!$B$5^2/J11))) | N11: =IF(L11="","",M11-L11) | O11: =IF(OR(M11="",M11=0),"",1/M11) | P11: =IF(OR(L11="",L11=0),"",1/L11) | Q11: =IF($A11="","",IF(OR(J11<Parameters!$B$6,Summary!F11<Parameters!$B$7),"Low evidence","")) | R11: =IF(L11="","",IF((M11-L11)>K11,"Wide interval","")) | S11: =IF(L11="","",IF(OR(AND(Parameters!$B$8>=1-M11,Parameters!$B$8<=1-L11),AND(Parameters!$B$9>=1-M11,Parameters!$B$9<=1-L11)),"Colour not supported","")) | T11: =IF(D11="","",IF(OR(AND(Parameters!$B$8>=1-E11,Parameters!$B$8<=1-D11),AND(Parameters!$B$9>=1-E11,Parameters!$B$9<=1-D11)),"Colour not supported",""))
A12: =IF(Summary!A12="","",Summary!A12) | B12: =IF($A12="","",Summary!B12+Summary!C12) | C12: =IF(OR($A12="",B12=0),"",Summary!B12/B12) | D12: =IF(OR($A12="",B12=0),"",MAX(0,(C12+Parameters!$B$5^2/(2*B12)-Parameters!$B$5*SQRT(C12*(1-C12)/B12+Parameters!$B$5^2/(4*B12^2)))/(1+Parameters!$B$5^2/B12))) | E12: =IF(OR($A12="",B12=0),"",MIN(1,(C12+Parameters!$B$5^2/(2*B12)+Parameters!$B$5*SQRT(C12*(1-C12)/B12+Parameters!$B$5^2/(4*B12^2)))/(1+Parameters!$B$5^2/B12))) | F12: =IF($A12="","",Summary!D12+Summary!E12) | G12: =IF(OR($A12="",F12=0),"",Summary!D12/F12) | H12: =IF(OR($A12="",F12=0),"",MAX(0,(G12+Parameters!$B$5^2/(2*F12)-Parameters!$B$5*SQRT(G12*(1-G12)/F12+Parameters!$B$5^2/(4*F12^2)))/(1+Parameters!$B$5^2/F12))) | I12: =IF(OR($A12="",F12=0),"",MIN(1,(G12+Parameters!$B$5^2/(2*F12)+Parameters!$B$5*SQRT(G12*(1-G12)/F12+Parameters!$B$5^2/(4*F12^2)))/(1+Parameters!$B$5^2/F12))) | J12: =IF($A12="","",Summary!F12+Summary!G12) | K12: =IF(OR($A12="",J12=0),"",Summary!F12/J12) | L12: =IF(OR($A12="",J12=0),"",MAX(0,(K12+Parameters!$B$5^2/(2*J12)-Parameters!$B$5*SQRT(K12*(1-K12)/J12+Parameters!$B$5^2/(4*J12^2)))/(1+Parameters!$B$5^2/J12))) | M12: =IF(OR($A12="",J12=0),"",MIN(1,(K12+Parameters!$B$5^2/(2*J12)+Parameters!$B$5*SQRT(K12*(1-K12)/J12+Parameters!$B$5^2/(4*J12^2)))/(1+Parameters!$B$5^2/J12))) | N12: =IF(L12="","",M12-L12) | O12: =IF(OR(M12="",M12=0),"",1/M12) | P12: =IF(OR(L12="",L12=0),"",1/L12) | Q12: =IF($A12="","",IF(OR(J12<Parameters!$B$6,Summary!F12<Parameters!$B$7),"Low evidence","")) | R12: =IF(L12="","",IF((M12-L12)>K12,"Wide interval","")) | S12: =IF(L12="","",IF(OR(AND(Parameters!$B$8>=1-M12,Parameters!$B$8<=1-L12),AND(Parameters!$B$9>=1-M12,Parameters!$B$9<=1-L12)),"Colour not supported","")) | T12: =IF(D12="","",IF(OR(AND(Parameters!$B$8>=1-E12,Parameters!$B$8<=1-D12),AND(Parameters!$B$9>=1-E12,Parameters!$B$9<=1-D12)),"Colour not supported",""))
A13: =IF(Summary!A13="","",Summary!A13) | B13: =IF($A13="","",Summary!B13+Summary!C13) | C13: =IF(OR($A13="",B13=0),"",Summary!B13/B13) | D13: =IF(OR($A13="",B13=0),"",MAX(0,(C13+Parameters!$B$5^2/(2*B13)-Parameters!$B$5*SQRT(C13*(1-C13)/B13+Parameters!$B$5^2/(4*B13^2)))/(1+Parameters!$B$5^2/B13))) | E13: =IF(OR($A13="",B13=0),"",MIN(1,(C13+Parameters!$B$5^2/(2*B13)+Parameters!$B$5*SQRT(C13*(1-C13)/B13+Parameters!$B$5^2/(4*B13^2)))/(1+Parameters!$B$5^2/B13))) | F13: =IF($A13="","",Summary!D13+Summary!E13) | G13: =IF(OR($A13="",F13=0),"",Summary!D13/F13) | H13: =IF(OR($A13="",F13=0),"",MAX(0,(G13+Parameters!$B$5^2/(2*F13)-Parameters!$B$5*SQRT(G13*(1-G13)/F13+Parameters!$B$5^2/(4*F13^2)))/(1+Parameters!$B$5^2/F13))) | I13: =IF(OR($A13="",F13=0),"",MIN(1,(G13+Parameters!$B$5^2/(2*F13)+Parameters!$B$5*SQRT(G13*(1-G13)/F13+Parameters!$B$5^2/(4*F13^2)))/(1+Parameters!$B$5^2/F13))) | J13: =IF($A13="","",Summary!F13+Summary!G13) | K13: =IF(OR($A13="",J13=0),"",Summary!F13/J13) | L13: =IF(OR($A13="",J13=0),"",MAX(0,(K13+Parameters!$B$5^2/(2*J13)-Parameters!$B$5*SQRT(K13*(1-K13)/J13+Parameters!$B$5^2/(4*J13^2)))/(1+Parameters!$B$5^2/J13))) | M13: =IF(OR($A13="",J13=0),"",MIN(1,(K13+Parameters!$B$5^2/(2*J13)+Parameters!$B$5*SQRT(K13*(1-K13)/J13+Parameters!$B$5^2/(4*J13^2)))/(1+Parameters!$B$5^2/J13))) | N13: =IF(L13="","",M13-L13) | O13: =IF(OR(M13="",M13=0),"",1/M13) | P13: =IF(OR(L13="",L13=0),"",1/L13) | Q13: =IF($A13="","",IF(OR(J13<Parameters!$B$6,Summary!F13<Parameters!$B$7),"Low evidence","")) | R13: =IF(L13="","",IF((M13-L13)>K13,"Wide interval","")) | S13: =IF(L13="","",IF(OR(AND(Parameters!$B$8>=1-M13,Parameters!$B$8<=1-L13),AND(Parameters!$B$9>=1-M13,Parameters!$B$9<=1-L13)),"Colour not supported","")) | T13: =IF(D13="","",IF(OR(AND(Parameters!$B$8>=1-E13,Parameters!$B$8<=1-D13),AND(Parameters!$B$9>=1-E13,Parameters!$B$9<=1-D13)),"Colour not supported",""))
A14: =IF(Summary!A14="","",Summary!A14) | B14: =IF($A14="","",Summary!B14+Summary!C14) | C14: =IF(OR($A14="",B14=0),"",Summary!B14/B14) | D14: =IF(OR($A14="",B14=0),"",MAX(0,(C14+Parameters!$B$5^2/(2*B14)-Parameters!$B$5*SQRT(C14*(1-C14)/B14+Parameters!$B$5^2/(4*B14^2)))/(1+Parameters!$B$5^2/B14))) | E14: =IF(OR($A14="",B14=0),"",MIN(1,(C14+Parameters!$B$5^2/(2*B14)+Parameters!$B$5*SQRT(C14*(1-C14)/B14+Parameters!$B$5^2/(4*B14^2)))/(1+Parameters!$B$5^2/B14))) | F14: =IF($A14="","",Summary!D14+Summary!E14) | G14: =IF(OR($A14="",F14=0),"",Summary!D14/F14) | H14: =IF(OR($A14="",F14=0),"",MAX(0,(G14+Parameters!$B$5^2/(2*F14)-Parameters!$B$5*SQRT(G14*(1-G14)/F14+Parameters!$B$5^2/(4*F14^2)))/(1+Parameters!$B$5^2/F14))) | I14: =IF(OR($A14="",F14=0),"",MIN(1,(G14+Parameters!$B$5^2/(2*F14)+Parameters!$B$5*SQRT(G14*(1-G14)/F14+Parameters!$B$5^2/(4*F14^2)))/(1+Parameters!$B$5^2/F14))) | J14: =IF($A14="","",Summary!F14+Summary!G14) | K14: =IF(OR($A14="",J14=0),"",Summary!F14/J14) | L14: =IF(OR($A14="",J14=0),"",MAX(0,(K14+Parameters!$B$5^2/(2*J14)-Parameters!$B$5*SQRT(K14*(1-K14)/J14+Parameters!$B$5^2/(4*J14^2)))/(1+Parameters!$B$5^2/J14))) | M14: =IF(OR($A14="",J14=0),"",MIN(1,(K14+Parameters!$B$5^2/(2*J14)+Parameters!$B$5*SQRT(K14*(1-K14)/J14+Parameters!$B$5^2/(4*J14^2)))/(1+Parameters!$B$5^2/J14))) | N14: =IF(L14="","",M14-L14) | O14: =IF(OR(M14="",M14=0),"",1/M14) | P14: =IF(OR(L14="",L14=0),"",1/L14) | Q14: =IF($A14="","",IF(OR(J14<Parameters!$B$6,Summary!F14<Parameters!$B$7),"Low evidence","")) | R14: =IF(L14="","",IF((M14-L14)>K14,"Wide interval","")) | S14: =IF(L14="","",IF(OR(AND(Parameters!$B$8>=1-M14,Parameters!$B$8<=1-L14),AND(Parameters!$B$9>=1-M14,Parameters!$B$9<=1-L14)),"Colour not supported","")) | T14: =IF(D14="","",IF(OR(AND(Parameters!$B$8>=1-E14,Parameters!$B$8<=1-D14),AND(Parameters!$B$9>=1-E14,Parameters!$B$9<=1-D14)),"Colour not supported",""))
A15: =IF(Summary!A15="","",Summary!A15) | B15: =IF($A15="","",Summary!B15+Summary!C15) | C15: =IF(OR($A15="",B15=0),"",Summary!B15/B15) | D15: =IF(OR($A15="",B15=0),"",MAX(0,(C15+Parameters!$B$5^2/(2*B15)-Parameters!$B$5*SQRT(C15*(1-C15)/B15+Parameters!$B$5^2/(4*B15^2)))/(1+Parameters!$B$5^2/B15))) | E15: =IF(OR($A15="",B15=0),"",MIN(1,(C15+Parameters!$B$5^2/(2*B15)+Parameters!$B$5*SQRT(C15*(1-C15)/B15+Parameters!$B$5^2/(4*B15^2)))/(1+Parameters!$B$5^2/B15))) | F15: =IF($A15="","",Summary!D15+Summary!E15) | G15: =IF(OR($A15="",F15=0),"",Summary!D15/F15) | H15: =IF(OR($A15="",F15=0),"",MAX(0,(G15+Parameters!$B$5^2/(2*F15)-Parameters!$B$5*SQRT(G15*(1-G15)/F15+Parameters!$B$5^2/(4*F15^2)))/(1+Parameters!$B$5^2/F15))) | I15: =IF(OR($A15="",F15=0),"",MIN(1,(G15+Parameters!$B$5^2/(2*F15)+Parameters!$B$5*SQRT(G15*(1-G15)/F15+Parameters!$B$5^2/(4*F15^2)))/(1+Parameters!$B$5^2/F15))) | J15: =IF($A15="","",Summary!F15+Summary!G15) | K15: =IF(OR($A15="",J15=0),"",Summary!F15/J15) | L15: =IF(OR($A15="",J15=0),"",MAX(0,(K15+Parameters!$B$5^2/(2*J15)-Parameters!$B$5*SQRT(K15*(1-K15)/J15+Parameters!$B$5^2/(4*J15^2)))/(1+Parameters!$B$5^2/J15))) | M15: =IF(OR($A15="",J15=0),"",MIN(1,(K15+Parameters!$B$5^2/(2*J15)+Parameters!$B$5*SQRT(K15*(1-K15)/J15+Parameters!$B$5^2/(4*J15^2)))/(1+Parameters!$B$5^2/J15))) | N15: =IF(L15="","",M15-L15) | O15: =IF(OR(M15="",M15=0),"",1/M15) | P15: =IF(OR(L15="",L15=0),"",1/L15) | Q15: =IF($A15="","",IF(OR(J15<Parameters!$B$6,Summary!F15<Parameters!$B$7),"Low evidence","")) | R15: =IF(L15="","",IF((M15-L15)>K15,"Wide interval","")) | S15: =IF(L15="","",IF(OR(AND(Parameters!$B$8>=1-M15,Parameters!$B$8<=1-L15),AND(Parameters!$B$9>=1-M15,Parameters!$B$9<=1-L15)),"Colour not supported","")) | T15: =IF(D15="","",IF(OR(AND(Parameters!$B$8>=1-E15,Parameters!$B$8<=1-D15),AND(Parameters!$B$9>=1-E15,Parameters!$B$9<=1-D15)),"Colour not supported",""))
A16: =IF(Summary!A16="","",Summary!A16) | B16: =IF($A16="","",Summary!B16+Summary!C16) | C16: =IF(OR($A16="",B16=0),"",Summary!B16/B16) | D16: =IF(OR($A16="",B16=0),"",MAX(0,(C16+Parameters!$B$5^2/(2*B16)-Parameters!$B$5*SQRT(C16*(1-C16)/B16+Parameters!$B$5^2/(4*B16^2)))/(1+Parameters!$B$5^2/B16))) | E16: =IF(OR($A16="",B16=0),"",MIN(1,(C16+Parameters!$B$5^2/(2*B16)+Parameters!$B$5*SQRT(C16*(1-C16)/B16+Parameters!$B$5^2/(4*B16^2)))/(1+Parameters!$B$5^2/B16))) | F16: =IF($A16="","",Summary!D16+Summary!E16) | G16: =IF(OR($A16="",F16=0),"",Summary!D16/F16) | H16: =IF(OR($A16="",F16=0),"",MAX(0,(G16+Parameters!$B$5^2/(2*F16)-Parameters!$B$5*SQRT(G16*(1-G16)/F16+Parameters!$B$5^2/(4*F16^2)))/(1+Parameters!$B$5^2/F16))) | I16: =IF(OR($A16="",F16=0),"",MIN(1,(G16+Parameters!$B$5^2/(2*F16)+Parameters!$B$5*SQRT(G16*(1-G16)/F16+Parameters!$B$5^2/(4*F16^2)))/(1+Parameters!$B$5^2/F16))) | J16: =IF($A16="","",Summary!F16+Summary!G16) | K16: =IF(OR($A16="",J16=0),"",Summary!F16/J16) | L16: =IF(OR($A16="",J16=0),"",MAX(0,(K16+Parameters!$B$5^2/(2*J16)-Parameters!$B$5*SQRT(K16*(1-K16)/J16+Parameters!$B$5^2/(4*J16^2)))/(1+Parameters!$B$5^2/J16))) | M16: =IF(OR($A16="",J16=0),"",MIN(1,(K16+Parameters!$B$5^2/(2*J16)+Parameters!$B$5*SQRT(K16*(1-K16)/J16+Parameters!$B$5^2/(4*J16^2)))/(1+Parameters!$B$5^2/J16))) | N16: =IF(L16="","",M16-L16) | O16: =IF(OR(M16="",M16=0),"",1/M16) | P16: =IF(OR(L16="",L16=0),"",1/L16) | Q16: =IF($A16="","",IF(OR(J16<Parameters!$B$6,Summary!F16<Parameters!$B$7),"Low evidence","")) | R16: =IF(L16="","",IF((M16-L16)>K16,"Wide interval","")) | S16: =IF(L16="","",IF(OR(AND(Parameters!$B$8>=1-M16,Parameters!$B$8<=1-L16),AND(Parameters!$B$9>=1-M16,Parameters!$B$9<=1-L16)),"Colour not supported","")) | T16: =IF(D16="","",IF(OR(AND(Parameters!$B$8>=1-E16,Parameters!$B$8<=1-D16),AND(Parameters!$B$9>=1-E16,Parameters!$B$9<=1-D16)),"Colour not supported",""))
... A154: =IF(Summary!A154="","",Summary!A154) | B154: =IF($A154="","",Summary!B154+Summary!C154) | C154: =IF(OR($A154="",B154=0),"",Summary!B154/B154) | D154: =IF(OR($A154="",B154=0),"",MAX(0,(C154+Parameters!$B$5^2/(2*B154)-Parameters!$B$5*SQRT(C154*(1-C154)/B154+Parameters!$B$5^2/(4*B154^2)))/(1+Parameters!$B$5^2/B154))) | E154: =IF(OR($A154="",B154=0),"",MIN(1,(C154+Parameters!$B$5^2/(2*B154)+Parameters!$B$5*SQRT(C154*(1-C154)/B154+Parameters!$B$5^2/(4*B154^2)))/(1+Parameters!$B$5^2/B154))) | F154: =IF($A154="","",Summary!D154+Summary!E154) | G154: =IF(OR($A154="",F154=0),"",Summary!D154/F154) | H154: =IF(OR($A154="",F154=0),"",MAX(0,(G154+Parameters!$B$5^2/(2*F154)-Parameters!$B$5*SQRT(G154*(1-G154)/F154+Parameters!$B$5^2/(4*F154^2)))/(1+Parameters!$B$5^2/F154))) | I154: =IF(OR($A154="",F154=0),"",MIN(1,(G154+Parameters!$B$5^2/(2*F154)+Parameters!$B$5*SQRT(G154*(1-G154)/F154+Parameters!$B$5^2/(4*F154^2)))/(1+Parameters!$B$5^2/F154))) | J154: =IF($A154="","",Summary!F154+Summary!G154) | K154: =IF(OR($A154="",J154=0),"",Summary!F154/J154) | L154: =IF(OR($A154="",J154=0),"",MAX(0,(K154+Parameters!$B$5^2/(2*J154)-Parameters!$B$5*SQRT(K154*(1-K154)/J154+Parameters!$B$5^2/(4*J154^2)))/(1+Parameters!$B$5^2/J154))) | M154: =IF(OR($A154="",J154=0),"",MIN(1,(K154+Parameters!$B$5^2/(2*J154)+Parameters!$B$5*SQRT(K154*(1-K154)/J154+Parameters!$B$5^2/(4*J154^2)))/(1+Parameters!$B$5^2/J154))) | N154: =IF(L154="","",M154-L154) | O154: =IF(OR(M154="",M154=0),"",1/M154) | P154: =IF(OR(L154="",L154=0),"",1/L154) | Q154: =IF($A154="","",IF(OR(J154<Parameters!$B$6,Summary!F154<Parameters!$B$7),"Low evidence","")) | R154: =IF(L154="","",IF((M154-L154)>K154,"Wide interval","")) | S154: =IF(L154="","",IF(OR(AND(Parameters!$B$8>=1-M154,Parameters!$B$8<=1-L154),AND(Parameters!$B$9>=1-M154,Parameters!$B$9<=1-L154)),"Colour not supported","")) | T154: =IF(D154="","",IF(OR(AND(Parameters!$B$8>=1-E154,Parameters!$B$8<=1-D154),AND(Parameters!$B$9>=1-E154,Parameters!$B$9<=1-D154)),"Colour not supported",""))

Sheet Tests
A1: 3M vs Prior 3M tests
A2: Test z de dos proporciones y Fisher (Recent frente a Older). La fila TOTAL es la cartera. Fisher cuando el test z no es válido (frecuencias esperadas < 5).
A4: Scenario | B4: TP 3M | C4: FP 3M | D4: TP Prior 3M | E4: FP Prior 3M | F4: n 3M | G4: n Prior 3M | H4: Pooled precision | I4: z (3M minus Prior 3M) | J4: p-value (z, two-sided) | K4: z-test valid? | L4: Fisher p (recent lower, one-sided) | M4: Fisher p (two-sided, approx.) | N4: Precision ratio (Prior 3M / 3M) | O4: Lag index | P4: TP enough for lag index? | Q4: Result
A5: =IF(Summary!A5="","",Summary!A5) -> RSK RED P CVOL CVAL | B5: =IF($A5="","",Summary!B5) -> 0 | C5: =IF($A5="","",Summary!C5) -> 43 | D5: =IF($A5="","",Summary!D5) -> 0 | E5: =IF($A5="","",Summary!E5) -> 0 | F5: =IF($A5="","",B5+C5) -> 43 | G5: =IF($A5="","",D5+E5) -> 0 | H5: =IF($A5="","",IF(F5+G5=0,"",(B5+D5)/(F5+G5))) -> 0 | I5: =IF(OR($A5="",F5=0,G5=0,H5="",H5=0,H5=1),"",(B5/F5-D5/G5)/SQRT(H5*(1-H5)*(1/F5+1/G5))) | J5: =IF(I5="","",2*(1-NORMSDIST(ABS(I5)))) | K5: =IF($A5="","",IF(OR(H5="",F5=0,G5=0),"",IF(MIN(F5*H5,F5*(1-H5),G5*H5,G5*(1-H5))>=5,"z-test OK","Use Fisher"))) | L5: =IF(OR($A5="",F5=0,G5=0),"",_xlfn.HYPGEOM.DIST(B5,F5,B5+D5,F5+G5,TRUE())) | M5: =IF(L5="","",MIN(1,2*MIN(L5,IF(B5=0,1,1-_xlfn.HYPGEOM.DIST(B5-1,F5,B5+D5,F5+G5,TRUE()))))) | N5: =IF(OR($A5="",F5=0,G5=0),"",IF(B5=0,"",(D5/G5)/(B5/F5))) | O5: =IF(OR($A5="",F5=0,G5=0),"",IF(B5+D5=0,"",(D5/(B5+D5))/(G5/(F5+G5)))) | P5: =IF($A5="","",IF(B5+D5>=Parameters!$B$16,"OK","Too few TP")) -> Too few TP | Q5: =IF(M5="","",IF(M5<Parameters!$B$15,IF(B5/F5<D5/G5,"Significant: recent lower","Significant: recent higher"),"Not distinguishable"))
A6: =IF(Summary!A6="","",Summary!A6) | B6: =IF($A6="","",Summary!B6) | C6: =IF($A6="","",Summary!C6) | D6: =IF($A6="","",Summary!D6) | E6: =IF($A6="","",Summary!E6) | F6: =IF($A6="","",B6+C6) | G6: =IF($A6="","",D6+E6) | H6: =IF($A6="","",IF(F6+G6=0,"",(B6+D6)/(F6+G6))) | I6: =IF(OR($A6="",F6=0,G6=0,H6="",H6=0,H6=1),"",(B6/F6-D6/G6)/SQRT(H6*(1-H6)*(1/F6+1/G6))) | J6: =IF(I6="","",2*(1-NORMSDIST(ABS(I6)))) | K6: =IF($A6="","",IF(OR(H6="",F6=0,G6=0),"",IF(MIN(F6*H6,F6*(1-H6),G6*H6,G6*(1-H6))>=5,"z-test OK","Use Fisher"))) | L6: =IF(OR($A6="",F6=0,G6=0),"",_xlfn.HYPGEOM.DIST(B6,F6,B6+D6,F6+G6,TRUE())) | M6: =IF(L6="","",MIN(1,2*MIN(L6,IF(B6=0,1,1-_xlfn.HYPGEOM.DIST(B6-1,F6,B6+D6,F6+G6,TRUE()))))) | N6: =IF(OR($A6="",F6=0,G6=0),"",IF(B6=0,"",(D6/G6)/(B6/F6))) | O6: =IF(OR($A6="",F6=0,G6=0),"",IF(B6+D6=0,"",(D6/(B6+D6))/(G6/(F6+G6)))) | P6: =IF($A6="","",IF(B6+D6>=Parameters!$B$16,"OK","Too few TP")) | Q6: =IF(M6="","",IF(M6<Parameters!$B$15,IF(B6/F6<D6/G6,"Significant: recent lower","Significant: recent higher"),"Not distinguishable"))
A7: =IF(Summary!A7="","",Summary!A7) | B7: =IF($A7="","",Summary!B7) | C7: =IF($A7="","",Summary!C7) | D7: =IF($A7="","",Summary!D7) | E7: =IF($A7="","",Summary!E7) | F7: =IF($A7="","",B7+C7) | G7: =IF($A7="","",D7+E7) | H7: =IF($A7="","",IF(F7+G7=0,"",(B7+D7)/(F7+G7))) | I7: =IF(OR($A7="",F7=0,G7=0,H7="",H7=0,H7=1),"",(B7/F7-D7/G7)/SQRT(H7*(1-H7)*(1/F7+1/G7))) | J7: =IF(I7="","",2*(1-NORMSDIST(ABS(I7)))) | K7: =IF($A7="","",IF(OR(H7="",F7=0,G7=0),"",IF(MIN(F7*H7,F7*(1-H7),G7*H7,G7*(1-H7))>=5,"z-test OK","Use Fisher"))) | L7: =IF(OR($A7="",F7=0,G7=0),"",_xlfn.HYPGEOM.DIST(B7,F7,B7+D7,F7+G7,TRUE())) | M7: =IF(L7="","",MIN(1,2*MIN(L7,IF(B7=0,1,1-_xlfn.HYPGEOM.DIST(B7-1,F7,B7+D7,F7+G7,TRUE()))))) | N7: =IF(OR($A7="",F7=0,G7=0),"",IF(B7=0,"",(D7/G7)/(B7/F7))) | O7: =IF(OR($A7="",F7=0,G7=0),"",IF(B7+D7=0,"",(D7/(B7+D7))/(G7/(F7+G7)))) | P7: =IF($A7="","",IF(B7+D7>=Parameters!$B$16,"OK","Too few TP")) | Q7: =IF(M7="","",IF(M7<Parameters!$B$15,IF(B7/F7<D7/G7,"Significant: recent lower","Significant: recent higher"),"Not distinguishable"))
A8: =IF(Summary!A8="","",Summary!A8) | B8: =IF($A8="","",Summary!B8) | C8: =IF($A8="","",Summary!C8) | D8: =IF($A8="","",Summary!D8) | E8: =IF($A8="","",Summary!E8) | F8: =IF($A8="","",B8+C8) | G8: =IF($A8="","",D8+E8) | H8: =IF($A8="","",IF(F8+G8=0,"",(B8+D8)/(F8+G8))) | I8: =IF(OR($A8="",F8=0,G8=0,H8="",H8=0,H8=1),"",(B8/F8-D8/G8)/SQRT(H8*(1-H8)*(1/F8+1/G8))) | J8: =IF(I8="","",2*(1-NORMSDIST(ABS(I8)))) | K8: =IF($A8="","",IF(OR(H8="",F8=0,G8=0),"",IF(MIN(F8*H8,F8*(1-H8),G8*H8,G8*(1-H8))>=5,"z-test OK","Use Fisher"))) | L8: =IF(OR($A8="",F8=0,G8=0),"",_xlfn.HYPGEOM.DIST(B8,F8,B8+D8,F8+G8,TRUE())) | M8: =IF(L8="","",MIN(1,2*MIN(L8,IF(B8=0,1,1-_xlfn.HYPGEOM.DIST(B8-1,F8,B8+D8,F8+G8,TRUE()))))) | N8: =IF(OR($A8="",F8=0,G8=0),"",IF(B8=0,"",(D8/G8)/(B8/F8))) | O8: =IF(OR($A8="",F8=0,G8=0),"",IF(B8+D8=0,"",(D8/(B8+D8))/(G8/(F8+G8)))) | P8: =IF($A8="","",IF(B8+D8>=Parameters!$B$16,"OK","Too few TP")) | Q8: =IF(M8="","",IF(M8<Parameters!$B$15,IF(B8/F8<D8/G8,"Significant: recent lower","Significant: recent higher"),"Not distinguishable"))
A9: =IF(Summary!A9="","",Summary!A9) | B9: =IF($A9="","",Summary!B9) | C9: =IF($A9="","",Summary!C9) | D9: =IF($A9="","",Summary!D9) | E9: =IF($A9="","",Summary!E9) | F9: =IF($A9="","",B9+C9) | G9: =IF($A9="","",D9+E9) | H9: =IF($A9="","",IF(F9+G9=0,"",(B9+D9)/(F9+G9))) | I9: =IF(OR($A9="",F9=0,G9=0,H9="",H9=0,H9=1),"",(B9/F9-D9/G9)/SQRT(H9*(1-H9)*(1/F9+1/G9))) | J9: =IF(I9="","",2*(1-NORMSDIST(ABS(I9)))) | K9: =IF($A9="","",IF(OR(H9="",F9=0,G9=0),"",IF(MIN(F9*H9,F9*(1-H9),G9*H9,G9*(1-H9))>=5,"z-test OK","Use Fisher"))) | L9: =IF(OR($A9="",F9=0,G9=0),"",_xlfn.HYPGEOM.DIST(B9,F9,B9+D9,F9+G9,TRUE())) | M9: =IF(L9="","",MIN(1,2*MIN(L9,IF(B9=0,1,1-_xlfn.HYPGEOM.DIST(B9-1,F9,B9+D9,F9+G9,TRUE()))))) | N9: =IF(OR($A9="",F9=0,G9=0),"",IF(B9=0,"",(D9/G9)/(B9/F9))) | O9: =IF(OR($A9="",F9=0,G9=0),"",IF(B9+D9=0,"",(D9/(B9+D9))/(G9/(F9+G9)))) | P9: =IF($A9="","",IF(B9+D9>=Parameters!$B$16,"OK","Too few TP")) | Q9: =IF(M9="","",IF(M9<Parameters!$B$15,IF(B9/F9<D9/G9,"Significant: recent lower","Significant: recent higher"),"Not distinguishable"))
A10: =IF(Summary!A10="","",Summary!A10) | B10: =IF($A10="","",Summary!B10) | C10: =IF($A10="","",Summary!C10) | D10: =IF($A10="","",Summary!D10) | E10: =IF($A10="","",Summary!E10) | F10: =IF($A10="","",B10+C10) | G10: =IF($A10="","",D10+E10) | H10: =IF($A10="","",IF(F10+G10=0,"",(B10+D10)/(F10+G10))) | I10: =IF(OR($A10="",F10=0,G10=0,H10="",H10=0,H10=1),"",(B10/F10-D10/G10)/SQRT(H10*(1-H10)*(1/F10+1/G10))) | J10: =IF(I10="","",2*(1-NORMSDIST(ABS(I10)))) | K10: =IF($A10="","",IF(OR(H10="",F10=0,G10=0),"",IF(MIN(F10*H10,F10*(1-H10),G10*H10,G10*(1-H10))>=5,"z-test OK","Use Fisher"))) | L10: =IF(OR($A10="",F10=0,G10=0),"",_xlfn.HYPGEOM.DIST(B10,F10,B10+D10,F10+G10,TRUE())) | M10: =IF(L10="","",MIN(1,2*MIN(L10,IF(B10=0,1,1-_xlfn.HYPGEOM.DIST(B10-1,F10,B10+D10,F10+G10,TRUE()))))) | N10: =IF(OR($A10="",F10=0,G10=0),"",IF(B10=0,"",(D10/G10)/(B10/F10))) | O10: =IF(OR($A10="",F10=0,G10=0),"",IF(B10+D10=0,"",(D10/(B10+D10))/(G10/(F10+G10)))) | P10: =IF($A10="","",IF(B10+D10>=Parameters!$B$16,"OK","Too few TP")) | Q10: =IF(M10="","",IF(M10<Parameters!$B$15,IF(B10/F10<D10/G10,"Significant: recent lower","Significant: recent higher"),"Not distinguishable"))
A11: =IF(Summary!A11="","",Summary!A11) | B11: =IF($A11="","",Summary!B11) | C11: =IF($A11="","",Summary!C11) | D11: =IF($A11="","",Summary!D11) | E11: =IF($A11="","",Summary!E11) | F11: =IF($A11="","",B11+C11) | G11: =IF($A11="","",D11+E11) | H11: =IF($A11="","",IF(F11+G11=0,"",(B11+D11)/(F11+G11))) | I11: =IF(OR($A11="",F11=0,G11=0,H11="",H11=0,H11=1),"",(B11/F11-D11/G11)/SQRT(H11*(1-H11)*(1/F11+1/G11))) | J11: =IF(I11="","",2*(1-NORMSDIST(ABS(I11)))) | K11: =IF($A11="","",IF(OR(H11="",F11=0,G11=0),"",IF(MIN(F11*H11,F11*(1-H11),G11*H11,G11*(1-H11))>=5,"z-test OK","Use Fisher"))) | L11: =IF(OR($A11="",F11=0,G11=0),"",_xlfn.HYPGEOM.DIST(B11,F11,B11+D11,F11+G11,TRUE())) | M11: =IF(L11="","",MIN(1,2*MIN(L11,IF(B11=0,1,1-_xlfn.HYPGEOM.DIST(B11-1,F11,B11+D11,F11+G11,TRUE()))))) | N11: =IF(OR($A11="",F11=0,G11=0),"",IF(B11=0,"",(D11/G11)/(B11/F11))) | O11: =IF(OR($A11="",F11=0,G11=0),"",IF(B11+D11=0,"",(D11/(B11+D11))/(G11/(F11+G11)))) | P11: =IF($A11="","",IF(B11+D11>=Parameters!$B$16,"OK","Too few TP")) | Q11: =IF(M11="","",IF(M11<Parameters!$B$15,IF(B11/F11<D11/G11,"Significant: recent lower","Significant: recent higher"),"Not distinguishable"))
A12: =IF(Summary!A12="","",Summary!A12) | B12: =IF($A12="","",Summary!B12) | C12: =IF($A12="","",Summary!C12) | D12: =IF($A12="","",Summary!D12) | E12: =IF($A12="","",Summary!E12) | F12: =IF($A12="","",B12+C12) | G12: =IF($A12="","",D12+E12) | H12: =IF($A12="","",IF(F12+G12=0,"",(B12+D12)/(F12+G12))) | I12: =IF(OR($A12="",F12=0,G12=0,H12="",H12=0,H12=1),"",(B12/F12-D12/G12)/SQRT(H12*(1-H12)*(1/F12+1/G12))) | J12: =IF(I12="","",2*(1-NORMSDIST(ABS(I12)))) | K12: =IF($A12="","",IF(OR(H12="",F12=0,G12=0),"",IF(MIN(F12*H12,F12*(1-H12),G12*H12,G12*(1-H12))>=5,"z-test OK","Use Fisher"))) | L12: =IF(OR($A12="",F12=0,G12=0),"",_xlfn.HYPGEOM.DIST(B12,F12,B12+D12,F12+G12,TRUE())) | M12: =IF(L12="","",MIN(1,2*MIN(L12,IF(B12=0,1,1-_xlfn.HYPGEOM.DIST(B12-1,F12,B12+D12,F12+G12,TRUE()))))) | N12: =IF(OR($A12="",F12=0,G12=0),"",IF(B12=0,"",(D12/G12)/(B12/F12))) | O12: =IF(OR($A12="",F12=0,G12=0),"",IF(B12+D12=0,"",(D12/(B12+D12))/(G12/(F12+G12)))) | P12: =IF($A12="","",IF(B12+D12>=Parameters!$B$16,"OK","Too few TP")) | Q12: =IF(M12="","",IF(M12<Parameters!$B$15,IF(B12/F12<D12/G12,"Significant: recent lower","Significant: recent higher"),"Not distinguishable"))
A13: =IF(Summary!A13="","",Summary!A13) | B13: =IF($A13="","",Summary!B13) | C13: =IF($A13="","",Summary!C13) | D13: =IF($A13="","",Summary!D13) | E13: =IF($A13="","",Summary!E13) | F13: =IF($A13="","",B13+C13) | G13: =IF($A13="","",D13+E13) | H13: =IF($A13="","",IF(F13+G13=0,"",(B13+D13)/(F13+G13))) | I13: =IF(OR($A13="",F13=0,G13=0,H13="",H13=0,H13=1),"",(B13/F13-D13/G13)/SQRT(H13*(1-H13)*(1/F13+1/G13))) | J13: =IF(I13="","",2*(1-NORMSDIST(ABS(I13)))) | K13: =IF($A13="","",IF(OR(H13="",F13=0,G13=0),"",IF(MIN(F13*H13,F13*(1-H13),G13*H13,G13*(1-H13))>=5,"z-test OK","Use Fisher"))) | L13: =IF(OR($A13="",F13=0,G13=0),"",_xlfn.HYPGEOM.DIST(B13,F13,B13+D13,F13+G13,TRUE())) | M13: =IF(L13="","",MIN(1,2*MIN(L13,IF(B13=0,1,1-_xlfn.HYPGEOM.DIST(B13-1,F13,B13+D13,F13+G13,TRUE()))))) | N13: =IF(OR($A13="",F13=0,G13=0),"",IF(B13=0,"",(D13/G13)/(B13/F13))) | O13: =IF(OR($A13="",F13=0,G13=0),"",IF(B13+D13=0,"",(D13/(B13+D13))/(G13/(F13+G13)))) | P13: =IF($A13="","",IF(B13+D13>=Parameters!$B$16,"OK","Too few TP")) | Q13: =IF(M13="","",IF(M13<Parameters!$B$15,IF(B13/F13<D13/G13,"Significant: recent lower","Significant: recent higher"),"Not distinguishable"))
A14: =IF(Summary!A14="","",Summary!A14) | B14: =IF($A14="","",Summary!B14) | C14: =IF($A14="","",Summary!C14) | D14: =IF($A14="","",Summary!D14) | E14: =IF($A14="","",Summary!E14) | F14: =IF($A14="","",B14+C14) | G14: =IF($A14="","",D14+E14) | H14: =IF($A14="","",IF(F14+G14=0,"",(B14+D14)/(F14+G14))) | I14: =IF(OR($A14="",F14=0,G14=0,H14="",H14=0,H14=1),"",(B14/F14-D14/G14)/SQRT(H14*(1-H14)*(1/F14+1/G14))) | J14: =IF(I14="","",2*(1-NORMSDIST(ABS(I14)))) | K14: =IF($A14="","",IF(OR(H14="",F14=0,G14=0),"",IF(MIN(F14*H14,F14*(1-H14),G14*H14,G14*(1-H14))>=5,"z-test OK","Use Fisher"))) | L14: =IF(OR($A14="",F14=0,G14=0),"",_xlfn.HYPGEOM.DIST(B14,F14,B14+D14,F14+G14,TRUE())) | M14: =IF(L14="","",MIN(1,2*MIN(L14,IF(B14=0,1,1-_xlfn.HYPGEOM.DIST(B14-1,F14,B14+D14,F14+G14,TRUE()))))) | N14: =IF(OR($A14="",F14=0,G14=0),"",IF(B14=0,"",(D14/G14)/(B14/F14))) | O14: =IF(OR($A14="",F14=0,G14=0),"",IF(B14+D14=0,"",(D14/(B14+D14))/(G14/(F14+G14)))) | P14: =IF($A14="","",IF(B14+D14>=Parameters!$B$16,"OK","Too few TP")) | Q14: =IF(M14="","",IF(M14<Parameters!$B$15,IF(B14/F14<D14/G14,"Significant: recent lower","Significant: recent higher"),"Not distinguishable"))
A15: =IF(Summary!A15="","",Summary!A15) | B15: =IF($A15="","",Summary!B15) | C15: =IF($A15="","",Summary!C15) | D15: =IF($A15="","",Summary!D15) | E15: =IF($A15="","",Summary!E15) | F15: =IF($A15="","",B15+C15) | G15: =IF($A15="","",D15+E15) | H15: =IF($A15="","",IF(F15+G15=0,"",(B15+D15)/(F15+G15))) | I15: =IF(OR($A15="",F15=0,G15=0,H15="",H15=0,H15=1),"",(B15/F15-D15/G15)/SQRT(H15*(1-H15)*(1/F15+1/G15))) | J15: =IF(I15="","",2*(1-NORMSDIST(ABS(I15)))) | K15: =IF($A15="","",IF(OR(H15="",F15=0,G15=0),"",IF(MIN(F15*H15,F15*(1-H15),G15*H15,G15*(1-H15))>=5,"z-test OK","Use Fisher"))) | L15: =IF(OR($A15="",F15=0,G15=0),"",_xlfn.HYPGEOM.DIST(B15,F15,B15+D15,F15+G15,TRUE())) | M15: =IF(L15="","",MIN(1,2*MIN(L15,IF(B15=0,1,1-_xlfn.HYPGEOM.DIST(B15-1,F15,B15+D15,F15+G15,TRUE()))))) | N15: =IF(OR($A15="",F15=0,G15=0),"",IF(B15=0,"",(D15/G15)/(B15/F15))) | O15: =IF(OR($A15="",F15=0,G15=0),"",IF(B15+D15=0,"",(D15/(B15+D15))/(G15/(F15+G15)))) | P15: =IF($A15="","",IF(B15+D15>=Parameters!$B$16,"OK","Too few TP")) | Q15: =IF(M15="","",IF(M15<Parameters!$B$15,IF(B15/F15<D15/G15,"Significant: recent lower","Significant: recent higher"),"Not distinguishable"))
A16: =IF(Summary!A16="","",Summary!A16) | B16: =IF($A16="","",Summary!B16) | C16: =IF($A16="","",Summary!C16) | D16: =IF($A16="","",Summary!D16) | E16: =IF($A16="","",Summary!E16) | F16: =IF($A16="","",B16+C16) | G16: =IF($A16="","",D16+E16) | H16: =IF($A16="","",IF(F16+G16=0,"",(B16+D16)/(F16+G16))) | I16: =IF(OR($A16="",F16=0,G16=0,H16="",H16=0,H16=1),"",(B16/F16-D16/G16)/SQRT(H16*(1-H16)*(1/F16+1/G16))) | J16: =IF(I16="","",2*(1-NORMSDIST(ABS(I16)))) | K16: =IF($A16="","",IF(OR(H16="",F16=0,G16=0),"",IF(MIN(F16*H16,F16*(1-H16),G16*H16,G16*(1-H16))>=5,"z-test OK","Use Fisher"))) | L16: =IF(OR($A16="",F16=0,G16=0),"",_xlfn.HYPGEOM.DIST(B16,F16,B16+D16,F16+G16,TRUE())) | M16: =IF(L16="","",MIN(1,2*MIN(L16,IF(B16=0,1,1-_xlfn.HYPGEOM.DIST(B16-1,F16,B16+D16,F16+G16,TRUE()))))) | N16: =IF(OR($A16="",F16=0,G16=0),"",IF(B16=0,"",(D16/G16)/(B16/F16))) | O16: =IF(OR($A16="",F16=0,G16=0),"",IF(B16+D16=0,"",(D16/(B16+D16))/(G16/(F16+G16)))) | P16: =IF($A16="","",IF(B16+D16>=Parameters!$B$16,"OK","Too few TP")) | Q16: =IF(M16="","",IF(M16<Parameters!$B$15,IF(B16/F16<D16/G16,"Significant: recent lower","Significant: recent higher"),"Not distinguishable"))
... A154: =IF(Summary!A154="","",Summary!A154) | B154: =IF($A154="","",Summary!B154) | C154: =IF($A154="","",Summary!C154) | D154: =IF($A154="","",Summary!D154) | E154: =IF($A154="","",Summary!E154) | F154: =IF($A154="","",B154+C154) | G154: =IF($A154="","",D154+E154) | H154: =IF($A154="","",IF(F154+G154=0,"",(B154+D154)/(F154+G154))) | I154: =IF(OR($A154="",F154=0,G154=0,H154="",H154=0,H154=1),"",(B154/F154-D154/G154)/SQRT(H154*(1-H154)*(1/F154+1/G154))) | J154: =IF(I154="","",2*(1-NORMSDIST(ABS(I154)))) | K154: =IF($A154="","",IF(OR(H154="",F154=0,G154=0),"",IF(MIN(F154*H154,F154*(1-H154),G154*H154,G154*(1-H154))>=5,"z-test OK","Use Fisher"))) | L154: =IF(OR($A154="",F154=0,G154=0),"",_xlfn.HYPGEOM.DIST(B154,F154,B154+D154,F154+G154,TRUE())) | M154: =IF(L154="","",MIN(1,2*MIN(L154,IF(B154=0,1,1-_xlfn.HYPGEOM.DIST(B154-1,F154,B154+D154,F154+G154,TRUE()))))) | N154: =IF(OR($A154="",F154=0,G154=0),"",IF(B154=0,"",(D154/G154)/(B154/F154))) | O154: =IF(OR($A154="",F154=0,G154=0),"",IF(B154+D154=0,"",(D154/(B154+D154))/(G154/(F154+G154)))) | P154: =IF($A154="","",IF(B154+D154>=Parameters!$B$16,"OK","Too few TP")) | Q154: =IF(M154="","",IF(M154<Parameters!$B$15,IF(B154/F154<D154/G154,"Significant: recent lower","Significant: recent higher"),"Not distinguishable"))
A155: TOTAL (portfolio) | B155: =SUM(B5:B154) -> 0 | C155: =SUM(C5:C154) -> 43 | D155: =SUM(D5:D154) -> 0 | E155: =SUM(E5:E154) -> 0 | F155: =IF($A155="","",B155+C155) -> 43 | G155: =IF($A155="","",D155+E155) -> 0 | H155: =IF($A155="","",IF(F155+G155=0,"",(B155+D155)/(F155+G155))) -> 0 | I155: =IF(OR($A155="",F155=0,G155=0,H155="",H155=0,H155=1),"",(B155/F155-D155/G155)/SQRT(H155*(1-H155)*(1/F155+1/G155))) | J155: =IF(I155="","",2*(1-NORMSDIST(ABS(I155)))) | K155: =IF($A155="","",IF(OR(H155="",F155=0,G155=0),"",IF(MIN(F155*H155,F155*(1-H155),G155*H155,G155*(1-H155))>=5,"z-test OK","Use Fisher"))) | L155: =IF(OR($A155="",F155=0,G155=0),"",_xlfn.HYPGEOM.DIST(B155,F155,B155+D155,F155+G155,TRUE())) | M155: =IF(L155="","",MIN(1,2*MIN(L155,IF(B155=0,1,1-_xlfn.HYPGEOM.DIST(B155-1,F155,B155+D155,F155+G155,TRUE()))))) | N155: =IF(OR($A155="",F155=0,G155=0),"",IF(B155=0,"",(D155/G155)/(B155/F155))) | O155: =IF(OR($A155="",F155=0,G155=0),"",IF(B155+D155=0,"",(D155/(B155+D155))/(G155/(F155+G155)))) | P155: =IF($A155="","",IF(B155+D155>=Parameters!$B$16,"OK","Too few TP")) -> Too few TP | Q155: =IF(M155="","",IF(M155<Parameters!$B$15,IF(B155/F155<D155/G155,"Significant: recent lower","Significant: recent higher"),"Not distinguishable"))

Sheet Portfolio
A1: Portfolio precision by month index
A2: 0 = mes actual (parcial); 1 = último mes cerrado; hasta 6. Si la precisión sube con la antigüedad, hay retraso en el etiquetado (label lag).
A4: Month index | B4: Label | C4: TP | D4: FP | E4: Alerts | F4: Precision | G4: FP ratio
A5: 0 | B5: Current (partial) | C5: =SUMIFS(Raw_data!$C$2:$C$3001,Raw_data!$F$2:$F$3001,$A5,Raw_data!$D$2:$D$3001,"TP") -> 0 | D5: =SUMIFS(Raw_data!$C$2:$C$3001,Raw_data!$F$2:$F$3001,$A5,Raw_data!$D$2:$D$3001,"FP") -> 0 | E5: =C5+D5 -> 0 | F5: =IF(E5=0,"",C5/E5) | G5: =IF(E5=0,"",D5/E5)
A6: 1 | B6: Last Month | C6: =SUMIFS(Raw_data!$C$2:$C$3001,Raw_data!$F$2:$F$3001,$A6,Raw_data!$D$2:$D$3001,"TP") -> 0 | D6: =SUMIFS(Raw_data!$C$2:$C$3001,Raw_data!$F$2:$F$3001,$A6,Raw_data!$D$2:$D$3001,"FP") -> 43 | E6: =C6+D6 -> 43 | F6: =IF(E6=0,"",C6/E6) -> 0 | G6: =IF(E6=0,"",D6/E6) -> 1
A7: 2 | B7: Last Month -2 | C7: =SUMIFS(Raw_data!$C$2:$C$3001,Raw_data!$F$2:$F$3001,$A7,Raw_data!$D$2:$D$3001,"TP") -> 0 | D7: =SUMIFS(Raw_data!$C$2:$C$3001,Raw_data!$F$2:$F$3001,$A7,Raw_data!$D$2:$D$3001,"FP") -> 0 | E7: =C7+D7 -> 0 | F7: =IF(E7=0,"",C7/E7) | G7: =IF(E7=0,"",D7/E7)
A8: 3 | B8: Last Month -3 | C8: =SUMIFS(Raw_data!$C$2:$C$3001,Raw_data!$F$2:$F$3001,$A8,Raw_data!$D$2:$D$3001,"TP") -> 0 | D8: =SUMIFS(Raw_data!$C$2:$C$3001,Raw_data!$F$2:$F$3001,$A8,Raw_data!$D$2:$D$3001,"FP") -> 0 | E8: =C8+D8 -> 0 | F8: =IF(E8=0,"",C8/E8) | G8: =IF(E8=0,"",D8/E8)
A9: 4 | B9: Last Month -4 | C9: =SUMIFS(Raw_data!$C$2:$C$3001,Raw_data!$F$2:$F$3001,$A9,Raw_data!$D$2:$D$3001,"TP") -> 0 | D9: =SUMIFS(Raw_data!$C$2:$C$3001,Raw_data!$F$2:$F$3001,$A9,Raw_data!$D$2:$D$3001,"FP") -> 0 | E9: =C9+D9 -> 0 | F9: =IF(E9=0,"",C9/E9) | G9: =IF(E9=0,"",D9/E9)
A10: 5 | B10: Last Month -5 | C10: =SUMIFS(Raw_data!$C$2:$C$3001,Raw_data!$F$2:$F$3001,$A10,Raw_data!$D$2:$D$3001,"TP") -> 0 | D10: =SUMIFS(Raw_data!$C$2:$C$3001,Raw_data!$F$2:$F$3001,$A10,Raw_data!$D$2:$D$3001,"FP") -> 0 | E10: =C10+D10 -> 0 | F10: =IF(E10=0,"",C10/E10) | G10: =IF(E10=0,"",D10/E10)
A11: 6 | B11: Last Month -6 | C11: =SUMIFS(Raw_data!$C$2:$C$3001,Raw_data!$F$2:$F$3001,$A11,Raw_data!$D$2:$D$3001,"TP") -> 0 | D11: =SUMIFS(Raw_data!$C$2:$C$3001,Raw_data!$F$2:$F$3001,$A11,Raw_data!$D$2:$D$3001,"FP") -> 0 | E11: =C11+D11 -> 0 | F11: =IF(E11=0,"",C11/E11) | G11: =IF(E11=0,"",D11/E11)
B13: Recent (months 1-3) | C13: =SUM(C6:C8) -> 0 | D13: =SUM(D6:D8) -> 43 | E13: =SUM(E6:E8) -> 43 | F13: =IF(E13=0,"",C13/E13) -> 0 | G13: =IF(E13=0,"",D13/E13) -> 1
B14: Older (months 4-6) | C14: =SUM(C9:C11) -> 0 | D14: =SUM(D9:D11) -> 0 | E14: =SUM(E9:E11) -> 0 | F14: =IF(E14=0,"",C14/E14) | G14: =IF(E14=0,"",D14/E14)
B15: Months 1-6 | C15: =SUM(C6:C11) -> 0 | D15: =SUM(D6:D11) -> 43 | E15: =SUM(E6:E11) -> 43 | F15: =IF(E15=0,"",C15/E15) -> 0 | G15: =IF(E15=0,"",D15/E15) -> 1
B17: Portfolio lag index (>1 = TP concentrated in older months) | F17: =IF(OR(E15=0,C15=0,E14=0),"",(C14/C15)/(E14/E15))
B18: Unassigned volume (NULL / no valid month) | F18: =Checks!B11 -> 0

Sheet Pareto
A1: Concentration and zero-TP scenarios (6M)
A2: Escenarios ordenados por FP 6M. 'Zero TP / high FP' usa el umbral de Parameters. Columnas K, L, M: registro de decisiones (entradas).
A4: Total FP (6M) | B4: =Summary!G155 -> 43
A5: Total TP (6M) | B5: =Summary!F155 -> 0
A6: Scenarios with alerts in 6M | B6: =MAX(Summary!P5:P154) -> 1
A7: Top 5 scenarios: share of FP | B7: =IFERROR(INDEX(F16:F165,5),"")
A8: Top 10 scenarios: share of FP | B8: =IFERROR(INDEX(F16:F165,10),"")
A9: Scenarios needed to reach 80% of FP | B9: =IF(B6=0,"",COUNTIF(F16:F165,"<0.8")+1) -> 1
A10: Top 3 scenarios: share of TP | B10: =IFERROR(SUMPRODUCT(LARGE(Summary!F5:F154,{1,2,3}))/Summary!F155,"")
A11: Scenarios with zero TP (6M) | B11: =COUNTIF(Summary!F5:F154,0) -> 1
A12: Share of FP from zero-TP scenarios | B12: =IF(Summary!G155=0,"",SUMIFS(Summary!G5:G154,Summary!F5:F154,0)/Summary!G155) -> 1
A13: High-FP threshold used | B13: =Parameters!B13 -> 43
A14: Scenarios flagged 'Zero TP / high FP' | B14: =COUNTIF(I16:I165,"Zero TP / high FP") -> 1
A15: Rank (FP) | B15: Scenario | C15: FP 6M | D15: TP 6M | E15: FP share | F15: Cumulative FP share | G15: TP share | H15: Burden ratio (FP share / TP share) | I15: Zero TP / high FP | J15: Best-case precision if zero TP | K15: Backstop (by name) | L15: Decision documented? (Y/N) | M15: Decision / evidence reference
A16: =IF(ROWS(A$16:A16)<=$B$6,ROWS(A$16:A16),"") -> 1 | B16: =IF(A16="","",INDEX(Summary!$A$5:$A$154,MATCH($A16,Summary!$P$5:$P$154,0))) -> RSK RED P CVOL CVAL | C16: =IF(A16="","",INDEX(Summary!$G$5:$G$154,MATCH($A16,Summary!$P$5:$P$154,0))) -> 43 | D16: =IF(A16="","",INDEX(Summary!$F$5:$F$154,MATCH($A16,Summary!$P$5:$P$154,0))) -> 0 | E16: =IF(OR(A16="",$B$4=0),"",C16/$B$4) -> 1 | F16: =IF(E16="","",SUM($E$16:E16)) -> 1 | G16: =IF(OR(A16="",$B$5=0),"",D16/$B$5) | H16: =IF(OR(A16="",$B$5=0,E16=""),"",IF(D16=0,"No TP",E16/G16)) | I16: =IF(A16="","",IF(AND(D16=0,C16>=Parameters!$B$13),"Zero TP / high FP","")) -> Zero TP / high FP | J16: =IF(A16="","",IF(D16=0,Parameters!$B$5^2/(C16+Parameters!$B$5^2),"")) -> 0.082009803 | K16: =IF(A16="","",IF(ISNUMBER(SEARCH("BACKSTOP",B16)),"Y",""))
A17: =IF(ROWS(A$16:A17)<=$B$6,ROWS(A$16:A17),"") | B17: =IF(A17="","",INDEX(Summary!$A$5:$A$154,MATCH($A17,Summary!$P$5:$P$154,0))) | C17: =IF(A17="","",INDEX(Summary!$G$5:$G$154,MATCH($A17,Summary!$P$5:$P$154,0))) | D17: =IF(A17="","",INDEX(Summary!$F$5:$F$154,MATCH($A17,Summary!$P$5:$P$154,0))) | E17: =IF(OR(A17="",$B$4=0),"",C17/$B$4) | F17: =IF(E17="","",SUM($E$16:E17)) | G17: =IF(OR(A17="",$B$5=0),"",D17/$B$5) | H17: =IF(OR(A17="",$B$5=0,E17=""),"",IF(D17=0,"No TP",E17/G17)) | I17: =IF(A17="","",IF(AND(D17=0,C17>=Parameters!$B$13),"Zero TP / high FP","")) | J17: =IF(A17="","",IF(D17=0,Parameters!$B$5^2/(C17+Parameters!$B$5^2),"")) | K17: =IF(A17="","",IF(ISNUMBER(SEARCH("BACKSTOP",B17)),"Y",""))
A18: =IF(ROWS(A$16:A18)<=$B$6,ROWS(A$16:A18),"") | B18: =IF(A18="","",INDEX(Summary!$A$5:$A$154,MATCH($A18,Summary!$P$5:$P$154,0))) | C18: =IF(A18="","",INDEX(Summary!$G$5:$G$154,MATCH($A18,Summary!$P$5:$P$154,0))) | D18: =IF(A18="","",INDEX(Summary!$F$5:$F$154,MATCH($A18,Summary!$P$5:$P$154,0))) | E18: =IF(OR(A18="",$B$4=0),"",C18/$B$4) | F18: =IF(E18="","",SUM($E$16:E18)) | G18: =IF(OR(A18="",$B$5=0),"",D18/$B$5) | H18: =IF(OR(A18="",$B$5=0,E18=""),"",IF(D18=0,"No TP",E18/G18)) | I18: =IF(A18="","",IF(AND(D18=0,C18>=Parameters!$B$13),"Zero TP / high FP","")) | J18: =IF(A18="","",IF(D18=0,Parameters!$B$5^2/(C18+Parameters!$B$5^2),"")) | K18: =IF(A18="","",IF(ISNUMBER(SEARCH("BACKSTOP",B18)),"Y",""))
A19: =IF(ROWS(A$16:A19)<=$B$6,ROWS(A$16:A19),"") | B19: =IF(A19="","",INDEX(Summary!$A$5:$A$154,MATCH($A19,Summary!$P$5:$P$154,0))) | C19: =IF(A19="","",INDEX(Summary!$G$5:$G$154,MATCH($A19,Summary!$P$5:$P$154,0))) | D19: =IF(A19="","",INDEX(Summary!$F$5:$F$154,MATCH($A19,Summary!$P$5:$P$154,0))) | E19: =IF(OR(A19="",$B$4=0),"",C19/$B$4) | F19: =IF(E19="","",SUM($E$16:E19)) | G19: =IF(OR(A19="",$B$5=0),"",D19/$B$5) | H19: =IF(OR(A19="",$B$5=0,E19=""),"",IF(D19=0,"No TP",E19/G19)) | I19: =IF(A19="","",IF(AND(D19=0,C19>=Parameters!$B$13),"Zero TP / high FP","")) | J19: =IF(A19="","",IF(D19=0,Parameters!$B$5^2/(C19+Parameters!$B$5^2),"")) | K19: =IF(A19="","",IF(ISNUMBER(SEARCH("BACKSTOP",B19)),"Y",""))
A20: =IF(ROWS(A$16:A20)<=$B$6,ROWS(A$16:A20),"") | B20: =IF(A20="","",INDEX(Summary!$A$5:$A$154,MATCH($A20,Summary!$P$5:$P$154,0))) | C20: =IF(A20="","",INDEX(Summary!$G$5:$G$154,MATCH($A20,Summary!$P$5:$P$154,0))) | D20: =IF(A20="","",INDEX(Summary!$F$5:$F$154,MATCH($A20,Summary!$P$5:$P$154,0))) | E20: =IF(OR(A20="",$B$4=0),"",C20/$B$4) | F20: =IF(E20="","",SUM($E$16:E20)) | G20: =IF(OR(A20="",$B$5=0),"",D20/$B$5) | H20: =IF(OR(A20="",$B$5=0,E20=""),"",IF(D20=0,"No TP",E20/G20)) | I20: =IF(A20="","",IF(AND(D20=0,C20>=Parameters!$B$13),"Zero TP / high FP","")) | J20: =IF(A20="","",IF(D20=0,Parameters!$B$5^2/(C20+Parameters!$B$5^2),"")) | K20: =IF(A20="","",IF(ISNUMBER(SEARCH("BACKSTOP",B20)),"Y",""))
A21: =IF(ROWS(A$16:A21)<=$B$6,ROWS(A$16:A21),"") | B21: =IF(A21="","",INDEX(Summary!$A$5:$A$154,MATCH($A21,Summary!$P$5:$P$154,0))) | C21: =IF(A21="","",INDEX(Summary!$G$5:$G$154,MATCH($A21,Summary!$P$5:$P$154,0))) | D21: =IF(A21="","",INDEX(Summary!$F$5:$F$154,MATCH($A21,Summary!$P$5:$P$154,0))) | E21: =IF(OR(A21="",$B$4=0),"",C21/$B$4) | F21: =IF(E21="","",SUM($E$16:E21)) | G21: =IF(OR(A21="",$B$5=0),"",D21/$B$5) | H21: =IF(OR(A21="",$B$5=0,E21=""),"",IF(D21=0,"No TP",E21/G21)) | I21: =IF(A21="","",IF(AND(D21=0,C21>=Parameters!$B$13),"Zero TP / high FP","")) | J21: =IF(A21="","",IF(D21=0,Parameters!$B$5^2/(C21+Parameters!$B$5^2),"")) | K21: =IF(A21="","",IF(ISNUMBER(SEARCH("BACKSTOP",B21)),"Y",""))
A22: =IF(ROWS(A$16:A22)<=$B$6,ROWS(A$16:A22),"") | B22: =IF(A22="","",INDEX(Summary!$A$5:$A$154,MATCH($A22,Summary!$P$5:$P$154,0))) | C22: =IF(A22="","",INDEX(Summary!$G$5:$G$154,MATCH($A22,Summary!$P$5:$P$154,0))) | D22: =IF(A22="","",INDEX(Summary!$F$5:$F$154,MATCH($A22,Summary!$P$5:$P$154,0))) | E22: =IF(OR(A22="",$B$4=0),"",C22/$B$4) | F22: =IF(E22="","",SUM($E$16:E22)) | G22: =IF(OR(A22="",$B$5=0),"",D22/$B$5) | H22: =IF(OR(A22="",$B$5=0,E22=""),"",IF(D22=0,"No TP",E22/G22)) | I22: =IF(A22="","",IF(AND(D22=0,C22>=Parameters!$B$13),"Zero TP / high FP","")) | J22: =IF(A22="","",IF(D22=0,Parameters!$B$5^2/(C22+Parameters!$B$5^2),"")) | K22: =IF(A22="","",IF(ISNUMBER(SEARCH("BACKSTOP",B22)),"Y",""))
A23: =IF(ROWS(A$16:A23)<=$B$6,ROWS(A$16:A23),"") | B23: =IF(A23="","",INDEX(Summary!$A$5:$A$154,MATCH($A23,Summary!$P$5:$P$154,0))) | C23: =IF(A23="","",INDEX(Summary!$G$5:$G$154,MATCH($A23,Summary!$P$5:$P$154,0))) | D23: =IF(A23="","",INDEX(Summary!$F$5:$F$154,MATCH($A23,Summary!$P$5:$P$154,0))) | E23: =IF(OR(A23="",$B$4=0),"",C23/$B$4) | F23: =IF(E23="","",SUM($E$16:E23)) | G23: =IF(OR(A23="",$B$5=0),"",D23/$B$5) | H23: =IF(OR(A23="",$B$5=0,E23=""),"",IF(D23=0,"No TP",E23/G23)) | I23: =IF(A23="","",IF(AND(D23=0,C23>=Parameters!$B$13),"Zero TP / high FP","")) | J23: =IF(A23="","",IF(D23=0,Parameters!$B$5^2/(C23+Parameters!$B$5^2),"")) | K23: =IF(A23="","",IF(ISNUMBER(SEARCH("BACKSTOP",B23)),"Y",""))
A24: =IF(ROWS(A$16:A24)<=$B$6,ROWS(A$16:A24),"") | B24: =IF(A24="","",INDEX(Summary!$A$5:$A$154,MATCH($A24,Summary!$P$5:$P$154,0))) | C24: =IF(A24="","",INDEX(Summary!$G$5:$G$154,MATCH($A24,Summary!$P$5:$P$154,0))) | D24: =IF(A24="","",INDEX(Summary!$F$5:$F$154,MATCH($A24,Summary!$P$5:$P$154,0))) | E24: =IF(OR(A24="",$B$4=0),"",C24/$B$4) | F24: =IF(E24="","",SUM($E$16:E24)) | G24: =IF(OR(A24="",$B$5=0),"",D24/$B$5) | H24: =IF(OR(A24="",$B$5=0,E24=""),"",IF(D24=0,"No TP",E24/G24)) | I24: =IF(A24="","",IF(AND(D24=0,C24>=Parameters!$B$13),"Zero TP / high FP","")) | J24: =IF(A24="","",IF(D24=0,Parameters!$B$5^2/(C24+Parameters!$B$5^2),"")) | K24: =IF(A24="","",IF(ISNUMBER(SEARCH("BACKSTOP",B24)),"Y",""))
A25: =IF(ROWS(A$16:A25)<=$B$6,ROWS(A$16:A25),"") | B25: =IF(A25="","",INDEX(Summary!$A$5:$A$154,MATCH($A25,Summary!$P$5:$P$154,0))) | C25: =IF(A25="","",INDEX(Summary!$G$5:$G$154,MATCH($A25,Summary!$P$5:$P$154,0))) | D25: =IF(A25="","",INDEX(Summary!$F$5:$F$154,MATCH($A25,Summary!$P$5:$P$154,0))) | E25: =IF(OR(A25="",$B$4=0),"",C25/$B$4) | F25: =IF(E25="","",SUM($E$16:E25)) | G25: =IF(OR(A25="",$B$5=0),"",D25/$B$5) | H25: =IF(OR(A25="",$B$5=0,E25=""),"",IF(D25=0,"No TP",E25/G25)) | I25: =IF(A25="","",IF(AND(D25=0,C25>=Parameters!$B$13),"Zero TP / high FP","")) | J25: =IF(A25="","",IF(D25=0,Parameters!$B$5^2/(C25+Parameters!$B$5^2),"")) | K25: =IF(A25="","",IF(ISNUMBER(SEARCH("BACKSTOP",B25)),"Y",""))
A26: =IF(ROWS(A$16:A26)<=$B$6,ROWS(A$16:A26),"") | B26: =IF(A26="","",INDEX(Summary!$A$5:$A$154,MATCH($A26,Summary!$P$5:$P$154,0))) | C26: =IF(A26="","",INDEX(Summary!$G$5:$G$154,MATCH($A26,Summary!$P$5:$P$154,0))) | D26: =IF(A26="","",INDEX(Summary!$F$5:$F$154,MATCH($A26,Summary!$P$5:$P$154,0))) | E26: =IF(OR(A26="",$B$4=0),"",C26/$B$4) | F26: =IF(E26="","",SUM($E$16:E26)) | G26: =IF(OR(A26="",$B$5=0),"",D26/$B$5) | H26: =IF(OR(A26="",$B$5=0,E26=""),"",IF(D26=0,"No TP",E26/G26)) | I26: =IF(A26="","",IF(AND(D26=0,C26>=Parameters!$B$13),"Zero TP / high FP","")) | J26: =IF(A26="","",IF(D26=0,Parameters!$B$5^2/(C26+Parameters!$B$5^2),"")) | K26: =IF(A26="","",IF(ISNUMBER(SEARCH("BACKSTOP",B26)),"Y",""))
A27: =IF(ROWS(A$16:A27)<=$B$6,ROWS(A$16:A27),"") | B27: =IF(A27="","",INDEX(Summary!$A$5:$A$154,MATCH($A27,Summary!$P$5:$P$154,0))) | C27: =IF(A27="","",INDEX(Summary!$G$5:$G$154,MATCH($A27,Summary!$P$5:$P$154,0))) | D27: =IF(A27="","",INDEX(Summary!$F$5:$F$154,MATCH($A27,Summary!$P$5:$P$154,0))) | E27: =IF(OR(A27="",$B$4=0),"",C27/$B$4) | F27: =IF(E27="","",SUM($E$16:E27)) | G27: =IF(OR(A27="",$B$5=0),"",D27/$B$5) | H27: =IF(OR(A27="",$B$5=0,E27=""),"",IF(D27=0,"No TP",E27/G27)) | I27: =IF(A27="","",IF(AND(D27=0,C27>=Parameters!$B$13),"Zero TP / high FP","")) | J27: =IF(A27="","",IF(D27=0,Parameters!$B$5^2/(C27+Parameters!$B$5^2),"")) | K27: =IF(A27="","",IF(ISNUMBER(SEARCH("BACKSTOP",B27)),"Y",""))
... A165: =IF(ROWS(A$16:A165)<=$B$6,ROWS(A$16:A165),"") | B165: =IF(A165="","",INDEX(Summary!$A$5:$A$154,MATCH($A165,Summary!$P$5:$P$154,0))) | C165: =IF(A165="","",INDEX(Summary!$G$5:$G$154,MATCH($A165,Summary!$P$5:$P$154,0))) | D165: =IF(A165="","",INDEX(Summary!$F$5:$F$154,MATCH($A165,Summary!$P$5:$P$154,0))) | E165: =IF(OR(A165="",$B$4=0),"",C165/$B$4) | F165: =IF(E165="","",SUM($E$16:E165)) | G165: =IF(OR(A165="",$B$5=0),"",D165/$B$5) | H165: =IF(OR(A165="",$B$5=0,E165=""),"",IF(D165=0,"No TP",E165/G165)) | I165: =IF(A165="","",IF(AND(D165=0,C165>=Parameters!$B$13),"Zero TP / high FP","")) | J165: =IF(A165="","",IF(D165=0,Parameters!$B$5^2/(C165+Parameters!$B$5^2),"")) | K165: =IF(A165="","",IF(ISNUMBER(SEARCH("BACKSTOP",B165)),"Y",""))

Sheet Stability
A1: Stability of monthly FP volume
A2: FP por mes (M-6 = más antiguo, M-1 = último mes cerrado). Spike = z del último mes frente a los 5 anteriores. Solo 6 puntos: orientativo.
A3: Month index ->
A4: Scenario | B4: 6 | C4: 5 | D4: 4 | E4: 3 | F4: 2 | G4: 1 | H4: Mean | I4: SD | J4: CV | K4: Poisson CV (1/sqrt(mean)) | L4: CV / Poisson CV | M4: z latest month (vs M-6..M-2) | N4: Poisson z latest month | O4: Spike flag | P4: Dashboard colour month before spike | Q4: Dashboard colour in spike month | R4: Dashboard unchanged?
A5: =IF(Summary!A5="","",Summary!A5) -> RSK RED P CVOL CVAL | B5: =IF($A5="","",SUMIFS(Raw_data!$C$2:$C$3001,Raw_data!$A$2:$A$3001,$A5,Raw_data!$D$2:$D$3001,"FP",Raw_data!$F$2:$F$3001,B$4)) -> 0 | C5: =IF($A5="","",SUMIFS(Raw_data!$C$2:$C$3001,Raw_data!$A$2:$A$3001,$A5,Raw_data!$D$2:$D$3001,"FP",Raw_data!$F$2:$F$3001,C$4)) -> 0 | D5: =IF($A5="","",SUMIFS(Raw_data!$C$2:$C$3001,Raw_data!$A$2:$A$3001,$A5,Raw_data!$D$2:$D$3001,"FP",Raw_data!$F$2:$F$3001,D$4)) -> 0 | E5: =IF($A5="","",SUMIFS(Raw_data!$C$2:$C$3001,Raw_data!$A$2:$A$3001,$A5,Raw_data!$D$2:$D$3001,"FP",Raw_data!$F$2:$F$3001,E$4)) -> 0 | F5: =IF($A5="","",SUMIFS(Raw_data!$C$2:$C$3001,Raw_data!$A$2:$A$3001,$A5,Raw_data!$D$2:$D$3001,"FP",Raw_data!$F$2:$F$3001,F$4)) -> 0 | G5: =IF($A5="","",SUMIFS(Raw_data!$C$2:$C$3001,Raw_data!$A$2:$A$3001,$A5,Raw_data!$D$2:$D$3001,"FP",Raw_data!$F$2:$F$3001,G$4)) -> 43 | H5: =IF($A5="","",AVERAGE(B5:G5)) -> 7.1666667 | I5: =IF($A5="","",STDEV(B5:G5)) -> 17.554676 | J5: =IF(OR($A5="",H5=0),"",I5/H5) -> 2.4494897 | K5: =IF(OR($A5="",H5=0),"",1/SQRT(H5)) -> 0.37354368 | L5: =IF(OR(J5="",K5=""),"",J5/K5) -> 6.5574385 | M5: =IF($A5="","",IF(STDEV(B5:F5)=0,"",(G5-AVERAGE(B5:F5))/STDEV(B5:F5))) | N5: =IF($A5="","",IF(AVERAGE(B5:F5)=0,"",(G5-AVERAGE(B5:F5))/SQRT(AVERAGE(B5:F5)))) | O5: =IF($A5="","",IF(OR(AND(ISNUMBER(M5),M5>Parameters!$B$14),AND(ISNUMBER(N5),N5>Parameters!$B$14)),"Spike","")) | R5: =IF(AND(O5="Spike",P5<>"",Q5<>"",P5=Q5),"Dashboard unchanged","")
A6: =IF(Summary!A6="","",Summary!A6) | B6: =IF($A6="","",SUMIFS(Raw_data!$C$2:$C$3001,Raw_data!$A$2:$A$3001,$A6,Raw_data!$D$2:$D$3001,"FP",Raw_data!$F$2:$F$3001,B$4)) | C6: =IF($A6="","",SUMIFS(Raw_data!$C$2:$C$3001,Raw_data!$A$2:$A$3001,$A6,Raw_data!$D$2:$D$3001,"FP",Raw_data!$F$2:$F$3001,C$4)) | D6: =IF($A6="","",SUMIFS(Raw_data!$C$2:$C$3001,Raw_data!$A$2:$A$3001,$A6,Raw_data!$D$2:$D$3001,"FP",Raw_data!$F$2:$F$3001,D$4)) | E6: =IF($A6="","",SUMIFS(Raw_data!$C$2:$C$3001,Raw_data!$A$2:$A$3001,$A6,Raw_data!$D$2:$D$3001,"FP",Raw_data!$F$2:$F$3001,E$4)) | F6: =IF($A6="","",SUMIFS(Raw_data!$C$2:$C$3001,Raw_data!$A$2:$A$3001,$A6,Raw_data!$D$2:$D$3001,"FP",Raw_data!$F$2:$F$3001,F$4)) | G6: =IF($A6="","",SUMIFS(Raw_data!$C$2:$C$3001,Raw_data!$A$2:$A$3001,$A6,Raw_data!$D$2:$D$3001,"FP",Raw_data!$F$2:$F$3001,G$4)) | H6: =IF($A6="","",AVERAGE(B6:G6)) | I6: =IF($A6="","",STDEV(B6:G6)) | J6: =IF(OR($A6="",H6=0),"",I6/H6) | K6: =IF(OR($A6="",H6=0),"",1/SQRT(H6)) | L6: =IF(OR(J6="",K6=""),"",J6/K6) | M6: =IF($A6="","",IF(STDEV(B6:F6)=0,"",(G6-AVERAGE(B6:F6))/STDEV(B6:F6))) | N6: =IF($A6="","",IF(AVERAGE(B6:F6)=0,"",(G6-AVERAGE(B6:F6))/SQRT(AVERAGE(B6:F6)))) | O6: =IF($A6="","",IF(OR(AND(ISNUMBER(M6),M6>Parameters!$B$14),AND(ISNUMBER(N6),N6>Parameters!$B$14)),"Spike","")) | R6: =IF(AND(O6="Spike",P6<>"",Q6<>"",P6=Q6),"Dashboard unchanged","")
A7: =IF(Summary!A7="","",Summary!A7) | B7: =IF($A7="","",SUMIFS(Raw_data!$C$2:$C$3001,Raw_data!$A$2:$A$3001,$A7,Raw_data!$D$2:$D$3001,"FP",Raw_data!$F$2:$F$3001,B$4)) | C7: =IF($A7="","",SUMIFS(Raw_data!$C$2:$C$3001,Raw_data!$A$2:$A$3001,$A7,Raw_data!$D$2:$D$3001,"FP",Raw_data!$F$2:$F$3001,C$4)) | D7: =IF($A7="","",SUMIFS(Raw_data!$C$2:$C$3001,Raw_data!$A$2:$A$3001,$A7,Raw_data!$D$2:$D$3001,"FP",Raw_data!$F$2:$F$3001,D$4)) | E7: =IF($A7="","",SUMIFS(Raw_data!$C$2:$C$3001,Raw_data!$A$2:$A$3001,$A7,Raw_data!$D$2:$D$3001,"FP",Raw_data!$F$2:$F$3001,E$4)) | F7: =IF($A7="","",SUMIFS(Raw_data!$C$2:$C$3001,Raw_data!$A$2:$A$3001,$A7,Raw_data!$D$2:$D$3001,"FP",Raw_data!$F$2:$F$3001,F$4)) | G7: =IF($A7="","",SUMIFS(Raw_data!$C$2:$C$3001,Raw_data!$A$2:$A$3001,$A7,Raw_data!$D$2:$D$3001,"FP",Raw_data!$F$2:$F$3001,G$4)) | H7: =IF($A7="","",AVERAGE(B7:G7)) | I7: =IF($A7="","",STDEV(B7:G7)) | J7: =IF(OR($A7="",H7=0),"",I7/H7) | K7: =IF(OR($A7="",H7=0),"",1/SQRT(H7)) | L7: =IF(OR(J7="",K7=""),"",J7/K7) | M7: =IF($A7="","",IF(STDEV(B7:F7)=0,"",(G7-AVERAGE(B7:F7))/STDEV(B7:F7))) | N7: =IF($A7="","",IF(AVERAGE(B7:F7)=0,"",(G7-AVERAGE(B7:F7))/SQRT(AVERAGE(B7:F7)))) | O7: =IF($A7="","",IF(OR(AND(ISNUMBER(M7),M7>Parameters!$B$14),AND(ISNUMBER(N7),N7>Parameters!$B$14)),"Spike","")) | R7: =IF(AND(O7="Spike",P7<>"",Q7<>"",P7=Q7),"Dashboard unchanged","")
A8: =IF(Summary!A8="","",Summary!A8) | B8: =IF($A8="","",SUMIFS(Raw_data!$C$2:$C$3001,Raw_data!$A$2:$A$3001,$A8,Raw_data!$D$2:$D$3001,"FP",Raw_data!$F$2:$F$3001,B$4)) | C8: =IF($A8="","",SUMIFS(Raw_data!$C$2:$C$3001,Raw_data!$A$2:$A$3001,$A8,Raw_data!$D$2:$D$3001,"FP",Raw_data!$F$2:$F$3001,C$4)) | D8: =IF($A8="","",SUMIFS(Raw_data!$C$2:$C$3001,Raw_data!$A$2:$A$3001,$A8,Raw_data!$D$2:$D$3001,"FP",Raw_data!$F$2:$F$3001,D$4)) | E8: =IF($A8="","",SUMIFS(Raw_data!$C$2:$C$3001,Raw_data!$A$2:$A$3001,$A8,Raw_data!$D$2:$D$3001,"FP",Raw_data!$F$2:$F$3001,E$4)) | F8: =IF($A8="","",SUMIFS(Raw_data!$C$2:$C$3001,Raw_data!$A$2:$A$3001,$A8,Raw_data!$D$2:$D$3001,"FP",Raw_data!$F$2:$F$3001,F$4)) | G8: =IF($A8="","",SUMIFS(Raw_data!$C$2:$C$3001,Raw_data!$A$2:$A$3001,$A8,Raw_data!$D$2:$D$3001,"FP",Raw_data!$F$2:$F$3001,G$4)) | H8: =IF($A8="","",AVERAGE(B8:G8)) | I8: =IF($A8="","",STDEV(B8:G8)) | J8: =IF(OR($A8="",H8=0),"",I8/H8) | K8: =IF(OR($A8="",H8=0),"",1/SQRT(H8)) | L8: =IF(OR(J8="",K8=""),"",J8/K8) | M8: =IF($A8="","",IF(STDEV(B8:F8)=0,"",(G8-AVERAGE(B8:F8))/STDEV(B8:F8))) | N8: =IF($A8="","",IF(AVERAGE(B8:F8)=0,"",(G8-AVERAGE(B8:F8))/SQRT(AVERAGE(B8:F8)))) | O8: =IF($A8="","",IF(OR(AND(ISNUMBER(M8),M8>Parameters!$B$14),AND(ISNUMBER(N8),N8>Parameters!$B$14)),"Spike","")) | R8: =IF(AND(O8="Spike",P8<>"",Q8<>"",P8=Q8),"Dashboard unchanged","")
A9: =IF(Summary!A9="","",Summary!A9) | B9: =IF($A9="","",SUMIFS(Raw_data!$C$2:$C$3001,Raw_data!$A$2:$A$3001,$A9,Raw_data!$D$2:$D$3001,"FP",Raw_data!$F$2:$F$3001,B$4)) | C9: =IF($A9="","",SUMIFS(Raw_data!$C$2:$C$3001,Raw_data!$A$2:$A$3001,$A9,Raw_data!$D$2:$D$3001,"FP",Raw_data!$F$2:$F$3001,C$4)) | D9: =IF($A9="","",SUMIFS(Raw_data!$C$2:$C$3001,Raw_data!$A$2:$A$3001,$A9,Raw_data!$D$2:$D$3001,"FP",Raw_data!$F$2:$F$3001,D$4)) | E9: =IF($A9="","",SUMIFS(Raw_data!$C$2:$C$3001,Raw_data!$A$2:$A$3001,$A9,Raw_data!$D$2:$D$3001,"FP",Raw_data!$F$2:$F$3001,E$4)) | F9: =IF($A9="","",SUMIFS(Raw_data!$C$2:$C$3001,Raw_data!$A$2:$A$3001,$A9,Raw_data!$D$2:$D$3001,"FP",Raw_data!$F$2:$F$3001,F$4)) | G9: =IF($A9="","",SUMIFS(Raw_data!$C$2:$C$3001,Raw_data!$A$2:$A$3001,$A9,Raw_data!$D$2:$D$3001,"FP",Raw_data!$F$2:$F$3001,G$4)) | H9: =IF($A9="","",AVERAGE(B9:G9)) | I9: =IF($A9="","",STDEV(B9:G9)) | J9: =IF(OR($A9="",H9=0),"",I9/H9) | K9: =IF(OR($A9="",H9=0),"",1/SQRT(H9)) | L9: =IF(OR(J9="",K9=""),"",J9/K9) | M9: =IF($A9="","",IF(STDEV(B9:F9)=0,"",(G9-AVERAGE(B9:F9))/STDEV(B9:F9))) | N9: =IF($A9="","",IF(AVERAGE(B9:F9)=0,"",(G9-AVERAGE(B9:F9))/SQRT(AVERAGE(B9:F9)))) | O9: =IF($A9="","",IF(OR(AND(ISNUMBER(M9),M9>Parameters!$B$14),AND(ISNUMBER(N9),N9>Parameters!$B$14)),"Spike","")) | R9: =IF(AND(O9="Spike",P9<>"",Q9<>"",P9=Q9),"Dashboard unchanged","")
A10: =IF(Summary!A10="","",Summary!A10) | B10: =IF($A10="","",SUMIFS(Raw_data!$C$2:$C$3001,Raw_data!$A$2:$A$3001,$A10,Raw_data!$D$2:$D$3001,"FP",Raw_data!$F$2:$F$3001,B$4)) | C10: =IF($A10="","",SUMIFS(Raw_data!$C$2:$C$3001,Raw_data!$A$2:$A$3001,$A10,Raw_data!$D$2:$D$3001,"FP",Raw_data!$F$2:$F$3001,C$4)) | D10: =IF($A10="","",SUMIFS(Raw_data!$C$2:$C$3001,Raw_data!$A$2:$A$3001,$A10,Raw_data!$D$2:$D$3001,"FP",Raw_data!$F$2:$F$3001,D$4)) | E10: =IF($A10="","",SUMIFS(Raw_data!$C$2:$C$3001,Raw_data!$A$2:$A$3001,$A10,Raw_data!$D$2:$D$3001,"FP",Raw_data!$F$2:$F$3001,E$4)) | F10: =IF($A10="","",SUMIFS(Raw_data!$C$2:$C$3001,Raw_data!$A$2:$A$3001,$A10,Raw_data!$D$2:$D$3001,"FP",Raw_data!$F$2:$F$3001,F$4)) | G10: =IF($A10="","",SUMIFS(Raw_data!$C$2:$C$3001,Raw_data!$A$2:$A$3001,$A10,Raw_data!$D$2:$D$3001,"FP",Raw_data!$F$2:$F$3001,G$4)) | H10: =IF($A10="","",AVERAGE(B10:G10)) | I10: =IF($A10="","",STDEV(B10:G10)) | J10: =IF(OR($A10="",H10=0),"",I10/H10) | K10: =IF(OR($A10="",H10=0),"",1/SQRT(H10)) | L10: =IF(OR(J10="",K10=""),"",J10/K10) | M10: =IF($A10="","",IF(STDEV(B10:F10)=0,"",(G10-AVERAGE(B10:F10))/STDEV(B10:F10))) | N10: =IF($A10="","",IF(AVERAGE(B10:F10)=0,"",(G10-AVERAGE(B10:F10))/SQRT(AVERAGE(B10:F10)))) | O10: =IF($A10="","",IF(OR(AND(ISNUMBER(M10),M10>Parameters!$B$14),AND(ISNUMBER(N10),N10>Parameters!$B$14)),"Spike","")) | R10: =IF(AND(O10="Spike",P10<>"",Q10<>"",P10=Q10),"Dashboard unchanged","")
A11: =IF(Summary!A11="","",Summary!A11) | B11: =IF($A11="","",SUMIFS(Raw_data!$C$2:$C$3001,Raw_data!$A$2:$A$3001,$A11,Raw_data!$D$2:$D$3001,"FP",Raw_data!$F$2:$F$3001,B$4)) | C11: =IF($A11="","",SUMIFS(Raw_data!$C$2:$C$3001,Raw_data!$A$2:$A$3001,$A11,Raw_data!$D$2:$D$3001,"FP",Raw_data!$F$2:$F$3001,C$4)) | D11: =IF($A11="","",SUMIFS(Raw_data!$C$2:$C$3001,Raw_data!$A$2:$A$3001,$A11,Raw_data!$D$2:$D$3001,"FP",Raw_data!$F$2:$F$3001,D$4)) | E11: =IF($A11="","",SUMIFS(Raw_data!$C$2:$C$3001,Raw_data!$A$2:$A$3001,$A11,Raw_data!$D$2:$D$3001,"FP",Raw_data!$F$2:$F$3001,E$4)) | F11: =IF($A11="","",SUMIFS(Raw_data!$C$2:$C$3001,Raw_data!$A$2:$A$3001,$A11,Raw_data!$D$2:$D$3001,"FP",Raw_data!$F$2:$F$3001,F$4)) | G11: =IF($A11="","",SUMIFS(Raw_data!$C$2:$C$3001,Raw_data!$A$2:$A$3001,$A11,Raw_data!$D$2:$D$3001,"FP",Raw_data!$F$2:$F$3001,G$4)) | H11: =IF($A11="","",AVERAGE(B11:G11)) | I11: =IF($A11="","",STDEV(B11:G11)) | J11: =IF(OR($A11="",H11=0),"",I11/H11) | K11: =IF(OR($A11="",H11=0),"",1/SQRT(H11)) | L11: =IF(OR(J11="",K11=""),"",J11/K11) | M11: =IF($A11="","",IF(STDEV(B11:F11)=0,"",(G11-AVERAGE(B11:F11))/STDEV(B11:F11))) | N11: =IF($A11="","",IF(AVERAGE(B11:F11)=0,"",(G11-AVERAGE(B11:F11))/SQRT(AVERAGE(B11:F11)))) | O11: =IF($A11="","",IF(OR(AND(ISNUMBER(M11),M11>Parameters!$B$14),AND(ISNUMBER(N11),N11>Parameters!$B$14)),"Spike","")) | R11: =IF(AND(O11="Spike",P11<>"",Q11<>"",P11=Q11),"Dashboard unchanged","")
A12: =IF(Summary!A12="","",Summary!A12) | B12: =IF($A12="","",SUMIFS(Raw_data!$C$2:$C$3001,Raw_data!$A$2:$A$3001,$A12,Raw_data!$D$2:$D$3001,"FP",Raw_data!$F$2:$F$3001,B$4)) | C12: =IF($A12="","",SUMIFS(Raw_data!$C$2:$C$3001,Raw_data!$A$2:$A$3001,$A12,Raw_data!$D$2:$D$3001,"FP",Raw_data!$F$2:$F$3001,C$4)) | D12: =IF($A12="","",SUMIFS(Raw_data!$C$2:$C$3001,Raw_data!$A$2:$A$3001,$A12,Raw_data!$D$2:$D$3001,"FP",Raw_data!$F$2:$F$3001,D$4)) | E12: =IF($A12="","",SUMIFS(Raw_data!$C$2:$C$3001,Raw_data!$A$2:$A$3001,$A12,Raw_data!$D$2:$D$3001,"FP",Raw_data!$F$2:$F$3001,E$4)) | F12: =IF($A12="","",SUMIFS(Raw_data!$C$2:$C$3001,Raw_data!$A$2:$A$3001,$A12,Raw_data!$D$2:$D$3001,"FP",Raw_data!$F$2:$F$3001,F$4)) | G12: =IF($A12="","",SUMIFS(Raw_data!$C$2:$C$3001,Raw_data!$A$2:$A$3001,$A12,Raw_data!$D$2:$D$3001,"FP",Raw_data!$F$2:$F$3001,G$4)) | H12: =IF($A12="","",AVERAGE(B12:G12)) | I12: =IF($A12="","",STDEV(B12:G12)) | J12: =IF(OR($A12="",H12=0),"",I12/H12) | K12: =IF(OR($A12="",H12=0),"",1/SQRT(H12)) | L12: =IF(OR(J12="",K12=""),"",J12/K12) | M12: =IF($A12="","",IF(STDEV(B12:F12)=0,"",(G12-AVERAGE(B12:F12))/STDEV(B12:F12))) | N12: =IF($A12="","",IF(AVERAGE(B12:F12)=0,"",(G12-AVERAGE(B12:F12))/SQRT(AVERAGE(B12:F12)))) | O12: =IF($A12="","",IF(OR(AND(ISNUMBER(M12),M12>Parameters!$B$14),AND(ISNUMBER(N12),N12>Parameters!$B$14)),"Spike","")) | R12: =IF(AND(O12="Spike",P12<>"",Q12<>"",P12=Q12),"Dashboard unchanged","")
A13: =IF(Summary!A13="","",Summary!A13) | B13: =IF($A13="","",SUMIFS(Raw_data!$C$2:$C$3001,Raw_data!$A$2:$A$3001,$A13,Raw_data!$D$2:$D$3001,"FP",Raw_data!$F$2:$F$3001,B$4)) | C13: =IF($A13="","",SUMIFS(Raw_data!$C$2:$C$3001,Raw_data!$A$2:$A$3001,$A13,Raw_data!$D$2:$D$3001,"FP",Raw_data!$F$2:$F$3001,C$4)) | D13: =IF($A13="","",SUMIFS(Raw_data!$C$2:$C$3001,Raw_data!$A$2:$A$3001,$A13,Raw_data!$D$2:$D$3001,"FP",Raw_data!$F$2:$F$3001,D$4)) | E13: =IF($A13="","",SUMIFS(Raw_data!$C$2:$C$3001,Raw_data!$A$2:$A$3001,$A13,Raw_data!$D$2:$D$3001,"FP",Raw_data!$F$2:$F$3001,E$4)) | F13: =IF($A13="","",SUMIFS(Raw_data!$C$2:$C$3001,Raw_data!$A$2:$A$3001,$A13,Raw_data!$D$2:$D$3001,"FP",Raw_data!$F$2:$F$3001,F$4)) | G13: =IF($A13="","",SUMIFS(Raw_data!$C$2:$C$3001,Raw_data!$A$2:$A$3001,$A13,Raw_data!$D$2:$D$3001,"FP",Raw_data!$F$2:$F$3001,G$4)) | H13: =IF($A13="","",AVERAGE(B13:G13)) | I13: =IF($A13="","",STDEV(B13:G13)) | J13: =IF(OR($A13="",H13=0),"",I13/H13) | K13: =IF(OR($A13="",H13=0),"",1/SQRT(H13)) | L13: =IF(OR(J13="",K13=""),"",J13/K13) | M13: =IF($A13="","",IF(STDEV(B13:F13)=0,"",(G13-AVERAGE(B13:F13))/STDEV(B13:F13))) | N13: =IF($A13="","",IF(AVERAGE(B13:F13)=0,"",(G13-AVERAGE(B13:F13))/SQRT(AVERAGE(B13:F13)))) | O13: =IF($A13="","",IF(OR(AND(ISNUMBER(M13),M13>Parameters!$B$14),AND(ISNUMBER(N13),N13>Parameters!$B$14)),"Spike","")) | R13: =IF(AND(O13="Spike",P13<>"",Q13<>"",P13=Q13),"Dashboard unchanged","")
A14: =IF(Summary!A14="","",Summary!A14) | B14: =IF($A14="","",SUMIFS(Raw_data!$C$2:$C$3001,Raw_data!$A$2:$A$3001,$A14,Raw_data!$D$2:$D$3001,"FP",Raw_data!$F$2:$F$3001,B$4)) | C14: =IF($A14="","",SUMIFS(Raw_data!$C$2:$C$3001,Raw_data!$A$2:$A$3001,$A14,Raw_data!$D$2:$D$3001,"FP",Raw_data!$F$2:$F$3001,C$4)) | D14: =IF($A14="","",SUMIFS(Raw_data!$C$2:$C$3001,Raw_data!$A$2:$A$3001,$A14,Raw_data!$D$2:$D$3001,"FP",Raw_data!$F$2:$F$3001,D$4)) | E14: =IF($A14="","",SUMIFS(Raw_data!$C$2:$C$3001,Raw_data!$A$2:$A$3001,$A14,Raw_data!$D$2:$D$3001,"FP",Raw_data!$F$2:$F$3001,E$4)) | F14: =IF($A14="","",SUMIFS(Raw_data!$C$2:$C$3001,Raw_data!$A$2:$A$3001,$A14,Raw_data!$D$2:$D$3001,"FP",Raw_data!$F$2:$F$3001,F$4)) | G14: =IF($A14="","",SUMIFS(Raw_data!$C$2:$C$3001,Raw_data!$A$2:$A$3001,$A14,Raw_data!$D$2:$D$3001,"FP",Raw_data!$F$2:$F$3001,G$4)) | H14: =IF($A14="","",AVERAGE(B14:G14)) | I14: =IF($A14="","",STDEV(B14:G14)) | J14: =IF(OR($A14="",H14=0),"",I14/H14) | K14: =IF(OR($A14="",H14=0),"",1/SQRT(H14)) | L14: =IF(OR(J14="",K14=""),"",J14/K14) | M14: =IF($A14="","",IF(STDEV(B14:F14)=0,"",(G14-AVERAGE(B14:F14))/STDEV(B14:F14))) | N14: =IF($A14="","",IF(AVERAGE(B14:F14)=0,"",(G14-AVERAGE(B14:F14))/SQRT(AVERAGE(B14:F14)))) | O14: =IF($A14="","",IF(OR(AND(ISNUMBER(M14),M14>Parameters!$B$14),AND(ISNUMBER(N14),N14>Parameters!$B$14)),"Spike","")) | R14: =IF(AND(O14="Spike",P14<>"",Q14<>"",P14=Q14),"Dashboard unchanged","")
A15: =IF(Summary!A15="","",Summary!A15) | B15: =IF($A15="","",SUMIFS(Raw_data!$C$2:$C$3001,Raw_data!$A$2:$A$3001,$A15,Raw_data!$D$2:$D$3001,"FP",Raw_data!$F$2:$F$3001,B$4)) | C15: =IF($A15="","",SUMIFS(Raw_data!$C$2:$C$3001,Raw_data!$A$2:$A$3001,$A15,Raw_data!$D$2:$D$3001,"FP",Raw_data!$F$2:$F$3001,C$4)) | D15: =IF($A15="","",SUMIFS(Raw_data!$C$2:$C$3001,Raw_data!$A$2:$A$3001,$A15,Raw_data!$D$2:$D$3001,"FP",Raw_data!$F$2:$F$3001,D$4)) | E15: =IF($A15="","",SUMIFS(Raw_data!$C$2:$C$3001,Raw_data!$A$2:$A$3001,$A15,Raw_data!$D$2:$D$3001,"FP",Raw_data!$F$2:$F$3001,E$4)) | F15: =IF($A15="","",SUMIFS(Raw_data!$C$2:$C$3001,Raw_data!$A$2:$A$3001,$A15,Raw_data!$D$2:$D$3001,"FP",Raw_data!$F$2:$F$3001,F$4)) | G15: =IF($A15="","",SUMIFS(Raw_data!$C$2:$C$3001,Raw_data!$A$2:$A$3001,$A15,Raw_data!$D$2:$D$3001,"FP",Raw_data!$F$2:$F$3001,G$4)) | H15: =IF($A15="","",AVERAGE(B15:G15)) | I15: =IF($A15="","",STDEV(B15:G15)) | J15: =IF(OR($A15="",H15=0),"",I15/H15) | K15: =IF(OR($A15="",H15=0),"",1/SQRT(H15)) | L15: =IF(OR(J15="",K15=""),"",J15/K15) | M15: =IF($A15="","",IF(STDEV(B15:F15)=0,"",(G15-AVERAGE(B15:F15))/STDEV(B15:F15))) | N15: =IF($A15="","",IF(AVERAGE(B15:F15)=0,"",(G15-AVERAGE(B15:F15))/SQRT(AVERAGE(B15:F15)))) | O15: =IF($A15="","",IF(OR(AND(ISNUMBER(M15),M15>Parameters!$B$14),AND(ISNUMBER(N15),N15>Parameters!$B$14)),"Spike","")) | R15: =IF(AND(O15="Spike",P15<>"",Q15<>"",P15=Q15),"Dashboard unchanged","")
A16: =IF(Summary!A16="","",Summary!A16) | B16: =IF($A16="","",SUMIFS(Raw_data!$C$2:$C$3001,Raw_data!$A$2:$A$3001,$A16,Raw_data!$D$2:$D$3001,"FP",Raw_data!$F$2:$F$3001,B$4)) | C16: =IF($A16="","",SUMIFS(Raw_data!$C$2:$C$3001,Raw_data!$A$2:$A$3001,$A16,Raw_data!$D$2:$D$3001,"FP",Raw_data!$F$2:$F$3001,C$4)) | D16: =IF($A16="","",SUMIFS(Raw_data!$C$2:$C$3001,Raw_data!$A$2:$A$3001,$A16,Raw_data!$D$2:$D$3001,"FP",Raw_data!$F$2:$F$3001,D$4)) | E16: =IF($A16="","",SUMIFS(Raw_data!$C$2:$C$3001,Raw_data!$A$2:$A$3001,$A16,Raw_data!$D$2:$D$3001,"FP",Raw_data!$F$2:$F$3001,E$4)) | F16: =IF($A16="","",SUMIFS(Raw_data!$C$2:$C$3001,Raw_data!$A$2:$A$3001,$A16,Raw_data!$D$2:$D$3001,"FP",Raw_data!$F$2:$F$3001,F$4)) | G16: =IF($A16="","",SUMIFS(Raw_data!$C$2:$C$3001,Raw_data!$A$2:$A$3001,$A16,Raw_data!$D$2:$D$3001,"FP",Raw_data!$F$2:$F$3001,G$4)) | H16: =IF($A16="","",AVERAGE(B16:G16)) | I16: =IF($A16="","",STDEV(B16:G16)) | J16: =IF(OR($A16="",H16=0),"",I16/H16) | K16: =IF(OR($A16="",H16=0),"",1/SQRT(H16)) | L16: =IF(OR(J16="",K16=""),"",J16/K16) | M16: =IF($A16="","",IF(STDEV(B16:F16)=0,"",(G16-AVERAGE(B16:F16))/STDEV(B16:F16))) | N16: =IF($A16="","",IF(AVERAGE(B16:F16)=0,"",(G16-AVERAGE(B16:F16))/SQRT(AVERAGE(B16:F16)))) | O16: =IF($A16="","",IF(OR(AND(ISNUMBER(M16),M16>Parameters!$B$14),AND(ISNUMBER(N16),N16>Parameters!$B$14)),"Spike","")) | R16: =IF(AND(O16="Spike",P16<>"",Q16<>"",P16=Q16),"Dashboard unchanged","")
... A154: =IF(Summary!A154="","",Summary!A154) | B154: =IF($A154="","",SUMIFS(Raw_data!$C$2:$C$3001,Raw_data!$A$2:$A$3001,$A154,Raw_data!$D$2:$D$3001,"FP",Raw_data!$F$2:$F$3001,B$4)) | C154: =IF($A154="","",SUMIFS(Raw_data!$C$2:$C$3001,Raw_data!$A$2:$A$3001,$A154,Raw_data!$D$2:$D$3001,"FP",Raw_data!$F$2:$F$3001,C$4)) | D154: =IF($A154="","",SUMIFS(Raw_data!$C$2:$C$3001,Raw_data!$A$2:$A$3001,$A154,Raw_data!$D$2:$D$3001,"FP",Raw_data!$F$2:$F$3001,D$4)) | E154: =IF($A154="","",SUMIFS(Raw_data!$C$2:$C$3001,Raw_data!$A$2:$A$3001,$A154,Raw_data!$D$2:$D$3001,"FP",Raw_data!$F$2:$F$3001,E$4)) | F154: =IF($A154="","",SUMIFS(Raw_data!$C$2:$C$3001,Raw_data!$A$2:$A$3001,$A154,Raw_data!$D$2:$D$3001,"FP",Raw_data!$F$2:$F$3001,F$4)) | G154: =IF($A154="","",SUMIFS(Raw_data!$C$2:$C$3001,Raw_data!$A$2:$A$3001,$A154,Raw_data!$D$2:$D$3001,"FP",Raw_data!$F$2:$F$3001,G$4)) | H154: =IF($A154="","",AVERAGE(B154:G154)) | I154: =IF($A154="","",STDEV(B154:G154)) | J154: =IF(OR($A154="",H154=0),"",I154/H154) | K154: =IF(OR($A154="",H154=0),"",1/SQRT(H154)) | L154: =IF(OR(J154="",K154=""),"",J154/K154) | M154: =IF($A154="","",IF(STDEV(B154:F154)=0,"",(G154-AVERAGE(B154:F154))/STDEV(B154:F154))) | N154: =IF($A154="","",IF(AVERAGE(B154:F154)=0,"",(G154-AVERAGE(B154:F154))/SQRT(AVERAGE(B154:F154)))) | O154: =IF($A154="","",IF(OR(AND(ISNUMBER(M154),M154>Parameters!$B$14),AND(ISNUMBER(N154),N154>Parameters!$B$14)),"Spike","")) | R154: =IF(AND(O154="Spike",P154<>"",Q154<>"",P154=Q154),"Dashboard unchanged","")

Sheet Hit_type
A1: HOLD vs STOP (6M)
A2: Precisión por tipo de resultado original. Los FP en STOP son los más dañinos para el cliente (el pago se elimina).
A4: Scenario | B4: TP HOLD | C4: FP HOLD | D4: TP STOP | E4: FP STOP | F4: Precision HOLD | G4: Precision STOP | H4: STOP share of alerts | I4: STOP share of FP | J4: STOP precision below HOLD?
A5: =IF(Summary!A5="","",Summary!A5) -> RSK RED P CVOL CVAL | B5: =IF($A5="","",SUMIFS(Raw_data!$C$2:$C$3001,Raw_data!$A$2:$A$3001,$A5,Raw_data!$D$2:$D$3001,"TP",Raw_data!$E$2:$E$3001,"HOLD",Raw_data!$G$2:$G$3001,"Recent")+SUMIFS(Raw_data!$C$2:$C$3001,Raw_data!$A$2:$A$3001,$A5,Raw_data!$D$2:$D$3001,"TP",Raw_data!$E$2:$E$3001,"HOLD",Raw_data!$G$2:$G$3001,"Older")) -> 0 | C5: =IF($A5="","",SUMIFS(Raw_data!$C$2:$C$3001,Raw_data!$A$2:$A$3001,$A5,Raw_data!$D$2:$D$3001,"FP",Raw_data!$E$2:$E$3001,"HOLD",Raw_data!$G$2:$G$3001,"Recent")+SUMIFS(Raw_data!$C$2:$C$3001,Raw_data!$A$2:$A$3001,$A5,Raw_data!$D$2:$D$3001,"FP",Raw_data!$E$2:$E$3001,"HOLD",Raw_data!$G$2:$G$3001,"Older")) -> 0 | D5: =IF($A5="","",SUMIFS(Raw_data!$C$2:$C$3001,Raw_data!$A$2:$A$3001,$A5,Raw_data!$D$2:$D$3001,"TP",Raw_data!$E$2:$E$3001,"STOP",Raw_data!$G$2:$G$3001,"Recent")+SUMIFS(Raw_data!$C$2:$C$3001,Raw_data!$A$2:$A$3001,$A5,Raw_data!$D$2:$D$3001,"TP",Raw_data!$E$2:$E$3001,"STOP",Raw_data!$G$2:$G$3001,"Older")) -> 0 | E5: =IF($A5="","",SUMIFS(Raw_data!$C$2:$C$3001,Raw_data!$A$2:$A$3001,$A5,Raw_data!$D$2:$D$3001,"FP",Raw_data!$E$2:$E$3001,"STOP",Raw_data!$G$2:$G$3001,"Recent")+SUMIFS(Raw_data!$C$2:$C$3001,Raw_data!$A$2:$A$3001,$A5,Raw_data!$D$2:$D$3001,"FP",Raw_data!$E$2:$E$3001,"STOP",Raw_data!$G$2:$G$3001,"Older")) -> 43 | F5: =IF($A5="","",IF(B5+C5=0,"",B5/(B5+C5))) | G5: =IF($A5="","",IF(D5+E5=0,"",D5/(D5+E5))) -> 0 | H5: =IF($A5="","",IF(B5+C5+D5+E5=0,"",(D5+E5)/(B5+C5+D5+E5))) -> 1 | I5: =IF($A5="","",IF(C5+E5=0,"",E5/(C5+E5))) -> 1 | J5: =IF($A5="","",IF(AND(ISNUMBER(F5),ISNUMBER(G5)),IF(G5<F5,"STOP lower",""),""))
A6: =IF(Summary!A6="","",Summary!A6) | B6: =IF($A6="","",SUMIFS(Raw_data!$C$2:$C$3001,Raw_data!$A$2:$A$3001,$A6,Raw_data!$D$2:$D$3001,"TP",Raw_data!$E$2:$E$3001,"HOLD",Raw_data!$G$2:$G$3001,"Recent")+SUMIFS(Raw_data!$C$2:$C$3001,Raw_data!$A$2:$A$3001,$A6,Raw_data!$D$2:$D$3001,"TP",Raw_data!$E$2:$E$3001,"HOLD",Raw_data!$G$2:$G$3001,"Older")) | C6: =IF($A6="","",SUMIFS(Raw_data!$C$2:$C$3001,Raw_data!$A$2:$A$3001,$A6,Raw_data!$D$2:$D$3001,"FP",Raw_data!$E$2:$E$3001,"HOLD",Raw_data!$G$2:$G$3001,"Recent")+SUMIFS(Raw_data!$C$2:$C$3001,Raw_data!$A$2:$A$3001,$A6,Raw_data!$D$2:$D$3001,"FP",Raw_data!$E$2:$E$3001,"HOLD",Raw_data!$G$2:$G$3001,"Older")) | D6: =IF($A6="","",SUMIFS(Raw_data!$C$2:$C$3001,Raw_data!$A$2:$A$3001,$A6,Raw_data!$D$2:$D$3001,"TP",Raw_data!$E$2:$E$3001,"STOP",Raw_data!$G$2:$G$3001,"Recent")+SUMIFS(Raw_data!$C$2:$C$3001,Raw_data!$A$2:$A$3001,$A6,Raw_data!$D$2:$D$3001,"TP",Raw_data!$E$2:$E$3001,"STOP",Raw_data!$G$2:$G$3001,"Older")) | E6: =IF($A6="","",SUMIFS(Raw_data!$C$2:$C$3001,Raw_data!$A$2:$A$3001,$A6,Raw_data!$D$2:$D$3001,"FP",Raw_data!$E$2:$E$3001,"STOP",Raw_data!$G$2:$G$3001,"Recent")+SUMIFS(Raw_data!$C$2:$C$3001,Raw_data!$A$2:$A$3001,$A6,Raw_data!$D$2:$D$3001,"FP",Raw_data!$E$2:$E$3001,"STOP",Raw_data!$G$2:$G$3001,"Older")) | F6: =IF($A6="","",IF(B6+C6=0,"",B6/(B6+C6))) | G6: =IF($A6="","",IF(D6+E6=0,"",D6/(D6+E6))) | H6: =IF($A6="","",IF(B6+C6+D6+E6=0,"",(D6+E6)/(B6+C6+D6+E6))) | I6: =IF($A6="","",IF(C6+E6=0,"",E6/(C6+E6))) | J6: =IF($A6="","",IF(AND(ISNUMBER(F6),ISNUMBER(G6)),IF(G6<F6,"STOP lower",""),""))
A7: =IF(Summary!A7="","",Summary!A7) | B7: =IF($A7="","",SUMIFS(Raw_data!$C$2:$C$3001,Raw_data!$A$2:$A$3001,$A7,Raw_data!$D$2:$D$3001,"TP",Raw_data!$E$2:$E$3001,"HOLD",Raw_data!$G$2:$G$3001,"Recent")+SUMIFS(Raw_data!$C$2:$C$3001,Raw_data!$A$2:$A$3001,$A7,Raw_data!$D$2:$D$3001,"TP",Raw_data!$E$2:$E$3001,"HOLD",Raw_data!$G$2:$G$3001,"Older")) | C7: =IF($A7="","",SUMIFS(Raw_data!$C$2:$C$3001,Raw_data!$A$2:$A$3001,$A7,Raw_data!$D$2:$D$3001,"FP",Raw_data!$E$2:$E$3001,"HOLD",Raw_data!$G$2:$G$3001,"Recent")+SUMIFS(Raw_data!$C$2:$C$3001,Raw_data!$A$2:$A$3001,$A7,Raw_data!$D$2:$D$3001,"FP",Raw_data!$E$2:$E$3001,"HOLD",Raw_data!$G$2:$G$3001,"Older")) | D7: =IF($A7="","",SUMIFS(Raw_data!$C$2:$C$3001,Raw_data!$A$2:$A$3001,$A7,Raw_data!$D$2:$D$3001,"TP",Raw_data!$E$2:$E$3001,"STOP",Raw_data!$G$2:$G$3001,"Recent")+SUMIFS(Raw_data!$C$2:$C$3001,Raw_data!$A$2:$A$3001,$A7,Raw_data!$D$2:$D$3001,"TP",Raw_data!$E$2:$E$3001,"STOP",Raw_data!$G$2:$G$3001,"Older")) | E7: =IF($A7="","",SUMIFS(Raw_data!$C$2:$C$3001,Raw_data!$A$2:$A$3001,$A7,Raw_data!$D$2:$D$3001,"FP",Raw_data!$E$2:$E$3001,"STOP",Raw_data!$G$2:$G$3001,"Recent")+SUMIFS(Raw_data!$C$2:$C$3001,Raw_data!$A$2:$A$3001,$A7,Raw_data!$D$2:$D$3001,"FP",Raw_data!$E$2:$E$3001,"STOP",Raw_data!$G$2:$G$3001,"Older")) | F7: =IF($A7="","",IF(B7+C7=0,"",B7/(B7+C7))) | G7: =IF($A7="","",IF(D7+E7=0,"",D7/(D7+E7))) | H7: =IF($A7="","",IF(B7+C7+D7+E7=0,"",(D7+E7)/(B7+C7+D7+E7))) | I7: =IF($A7="","",IF(C7+E7=0,"",E7/(C7+E7))) | J7: =IF($A7="","",IF(AND(ISNUMBER(F7),ISNUMBER(G7)),IF(G7<F7,"STOP lower",""),""))
A8: =IF(Summary!A8="","",Summary!A8) | B8: =IF($A8="","",SUMIFS(Raw_data!$C$2:$C$3001,Raw_data!$A$2:$A$3001,$A8,Raw_data!$D$2:$D$3001,"TP",Raw_data!$E$2:$E$3001,"HOLD",Raw_data!$G$2:$G$3001,"Recent")+SUMIFS(Raw_data!$C$2:$C$3001,Raw_data!$A$2:$A$3001,$A8,Raw_data!$D$2:$D$3001,"TP",Raw_data!$E$2:$E$3001,"HOLD",Raw_data!$G$2:$G$3001,"Older")) | C8: =IF($A8="","",SUMIFS(Raw_data!$C$2:$C$3001,Raw_data!$A$2:$A$3001,$A8,Raw_data!$D$2:$D$3001,"FP",Raw_data!$E$2:$E$3001,"HOLD",Raw_data!$G$2:$G$3001,"Recent")+SUMIFS(Raw_data!$C$2:$C$3001,Raw_data!$A$2:$A$3001,$A8,Raw_data!$D$2:$D$3001,"FP",Raw_data!$E$2:$E$3001,"HOLD",Raw_data!$G$2:$G$3001,"Older")) | D8: =IF($A8="","",SUMIFS(Raw_data!$C$2:$C$3001,Raw_data!$A$2:$A$3001,$A8,Raw_data!$D$2:$D$3001,"TP",Raw_data!$E$2:$E$3001,"STOP",Raw_data!$G$2:$G$3001,"Recent")+SUMIFS(Raw_data!$C$2:$C$3001,Raw_data!$A$2:$A$3001,$A8,Raw_data!$D$2:$D$3001,"TP",Raw_data!$E$2:$E$3001,"STOP",Raw_data!$G$2:$G$3001,"Older")) | E8: =IF($A8="","",SUMIFS(Raw_data!$C$2:$C$3001,Raw_data!$A$2:$A$3001,$A8,Raw_data!$D$2:$D$3001,"FP",Raw_data!$E$2:$E$3001,"STOP",Raw_data!$G$2:$G$3001,"Recent")+SUMIFS(Raw_data!$C$2:$C$3001,Raw_data!$A$2:$A$3001,$A8,Raw_data!$D$2:$D$3001,"FP",Raw_data!$E$2:$E$3001,"STOP",Raw_data!$G$2:$G$3001,"Older")) | F8: =IF($A8="","",IF(B8+C8=0,"",B8/(B8+C8))) | G8: =IF($A8="","",IF(D8+E8=0,"",D8/(D8+E8))) | H8: =IF($A8="","",IF(B8+C8+D8+E8=0,"",(D8+E8)/(B8+C8+D8+E8))) | I8: =IF($A8="","",IF(C8+E8=0,"",E8/(C8+E8))) | J8: =IF($A8="","",IF(AND(ISNUMBER(F8),ISNUMBER(G8)),IF(G8<F8,"STOP lower",""),""))
A9: =IF(Summary!A9="","",Summary!A9) | B9: =IF($A9="","",SUMIFS(Raw_data!$C$2:$C$3001,Raw_data!$A$2:$A$3001,$A9,Raw_data!$D$2:$D$3001,"TP",Raw_data!$E$2:$E$3001,"HOLD",Raw_data!$G$2:$G$3001,"Recent")+SUMIFS(Raw_data!$C$2:$C$3001,Raw_data!$A$2:$A$3001,$A9,Raw_data!$D$2:$D$3001,"TP",Raw_data!$E$2:$E$3001,"HOLD",Raw_data!$G$2:$G$3001,"Older")) | C9: =IF($A9="","",SUMIFS(Raw_data!$C$2:$C$3001,Raw_data!$A$2:$A$3001,$A9,Raw_data!$D$2:$D$3001,"FP",Raw_data!$E$2:$E$3001,"HOLD",Raw_data!$G$2:$G$3001,"Recent")+SUMIFS(Raw_data!$C$2:$C$3001,Raw_data!$A$2:$A$3001,$A9,Raw_data!$D$2:$D$3001,"FP",Raw_data!$E$2:$E$3001,"HOLD",Raw_data!$G$2:$G$3001,"Older")) | D9: =IF($A9="","",SUMIFS(Raw_data!$C$2:$C$3001,Raw_data!$A$2:$A$3001,$A9,Raw_data!$D$2:$D$3001,"TP",Raw_data!$E$2:$E$3001,"STOP",Raw_data!$G$2:$G$3001,"Recent")+SUMIFS(Raw_data!$C$2:$C$3001,Raw_data!$A$2:$A$3001,$A9,Raw_data!$D$2:$D$3001,"TP",Raw_data!$E$2:$E$3001,"STOP",Raw_data!$G$2:$G$3001,"Older")) | E9: =IF($A9="","",SUMIFS(Raw_data!$C$2:$C$3001,Raw_data!$A$2:$A$3001,$A9,Raw_data!$D$2:$D$3001,"FP",Raw_data!$E$2:$E$3001,"STOP",Raw_data!$G$2:$G$3001,"Recent")+SUMIFS(Raw_data!$C$2:$C$3001,Raw_data!$A$2:$A$3001,$A9,Raw_data!$D$2:$D$3001,"FP",Raw_data!$E$2:$E$3001,"STOP",Raw_data!$G$2:$G$3001,"Older")) | F9: =IF($A9="","",IF(B9+C9=0,"",B9/(B9+C9))) | G9: =IF($A9="","",IF(D9+E9=0,"",D9/(D9+E9))) | H9: =IF($A9="","",IF(B9+C9+D9+E9=0,"",(D9+E9)/(B9+C9+D9+E9))) | I9: =IF($A9="","",IF(C9+E9=0,"",E9/(C9+E9))) | J9: =IF($A9="","",IF(AND(ISNUMBER(F9),ISNUMBER(G9)),IF(G9<F9,"STOP lower",""),""))
A10: =IF(Summary!A10="","",Summary!A10) | B10: =IF($A10="","",SUMIFS(Raw_data!$C$2:$C$3001,Raw_data!$A$2:$A$3001,$A10,Raw_data!$D$2:$D$3001,"TP",Raw_data!$E$2:$E$3001,"HOLD",Raw_data!$G$2:$G$3001,"Recent")+SUMIFS(Raw_data!$C$2:$C$3001,Raw_data!$A$2:$A$3001,$A10,Raw_data!$D$2:$D$3001,"TP",Raw_data!$E$2:$E$3001,"HOLD",Raw_data!$G$2:$G$3001,"Older")) | C10: =IF($A10="","",SUMIFS(Raw_data!$C$2:$C$3001,Raw_data!$A$2:$A$3001,$A10,Raw_data!$D$2:$D$3001,"FP",Raw_data!$E$2:$E$3001,"HOLD",Raw_data!$G$2:$G$3001,"Recent")+SUMIFS(Raw_data!$C$2:$C$3001,Raw_data!$A$2:$A$3001,$A10,Raw_data!$D$2:$D$3001,"FP",Raw_data!$E$2:$E$3001,"HOLD",Raw_data!$G$2:$G$3001,"Older")) | D10: =IF($A10="","",SUMIFS(Raw_data!$C$2:$C$3001,Raw_data!$A$2:$A$3001,$A10,Raw_data!$D$2:$D$3001,"TP",Raw_data!$E$2:$E$3001,"STOP",Raw_data!$G$2:$G$3001,"Recent")+SUMIFS(Raw_data!$C$2:$C$3001,Raw_data!$A$2:$A$3001,$A10,Raw_data!$D$2:$D$3001,"TP",Raw_data!$E$2:$E$3001,"STOP",Raw_data!$G$2:$G$3001,"Older")) | E10: =IF($A10="","",SUMIFS(Raw_data!$C$2:$C$3001,Raw_data!$A$2:$A$3001,$A10,Raw_data!$D$2:$D$3001,"FP",Raw_data!$E$2:$E$3001,"STOP",Raw_data!$G$2:$G$3001,"Recent")+SUMIFS(Raw_data!$C$2:$C$3001,Raw_data!$A$2:$A$3001,$A10,Raw_data!$D$2:$D$3001,"FP",Raw_data!$E$2:$E$3001,"STOP",Raw_data!$G$2:$G$3001,"Older")) | F10: =IF($A10="","",IF(B10+C10=0,"",B10/(B10+C10))) | G10: =IF($A10="","",IF(D10+E10=0,"",D10/(D10+E10))) | H10: =IF($A10="","",IF(B10+C10+D10+E10=0,"",(D10+E10)/(B10+C10+D10+E10))) | I10: =IF($A10="","",IF(C10+E10=0,"",E10/(C10+E10))) | J10: =IF($A10="","",IF(AND(ISNUMBER(F10),ISNUMBER(G10)),IF(G10<F10,"STOP lower",""),""))
A11: =IF(Summary!A11="","",Summary!A11) | B11: =IF($A11="","",SUMIFS(Raw_data!$C$2:$C$3001,Raw_data!$A$2:$A$3001,$A11,Raw_data!$D$2:$D$3001,"TP",Raw_data!$E$2:$E$3001,"HOLD",Raw_data!$G$2:$G$3001,"Recent")+SUMIFS(Raw_data!$C$2:$C$3001,Raw_data!$A$2:$A$3001,$A11,Raw_data!$D$2:$D$3001,"TP",Raw_data!$E$2:$E$3001,"HOLD",Raw_data!$G$2:$G$3001,"Older")) | C11: =IF($A11="","",SUMIFS(Raw_data!$C$2:$C$3001,Raw_data!$A$2:$A$3001,$A11,Raw_data!$D$2:$D$3001,"FP",Raw_data!$E$2:$E$3001,"HOLD",Raw_data!$G$2:$G$3001,"Recent")+SUMIFS(Raw_data!$C$2:$C$3001,Raw_data!$A$2:$A$3001,$A11,Raw_data!$D$2:$D$3001,"FP",Raw_data!$E$2:$E$3001,"HOLD",Raw_data!$G$2:$G$3001,"Older")) | D11: =IF($A11="","",SUMIFS(Raw_data!$C$2:$C$3001,Raw_data!$A$2:$A$3001,$A11,Raw_data!$D$2:$D$3001,"TP",Raw_data!$E$2:$E$3001,"STOP",Raw_data!$G$2:$G$3001,"Recent")+SUMIFS(Raw_data!$C$2:$C$3001,Raw_data!$A$2:$A$3001,$A11,Raw_data!$D$2:$D$3001,"TP",Raw_data!$E$2:$E$3001,"STOP",Raw_data!$G$2:$G$3001,"Older")) | E11: =IF($A11="","",SUMIFS(Raw_data!$C$2:$C$3001,Raw_data!$A$2:$A$3001,$A11,Raw_data!$D$2:$D$3001,"FP",Raw_data!$E$2:$E$3001,"STOP",Raw_data!$G$2:$G$3001,"Recent")+SUMIFS(Raw_data!$C$2:$C$3001,Raw_data!$A$2:$A$3001,$A11,Raw_data!$D$2:$D$3001,"FP",Raw_data!$E$2:$E$3001,"STOP",Raw_data!$G$2:$G$3001,"Older")) | F11: =IF($A11="","",IF(B11+C11=0,"",B11/(B11+C11))) | G11: =IF($A11="","",IF(D11+E11=0,"",D11/(D11+E11))) | H11: =IF($A11="","",IF(B11+C11+D11+E11=0,"",(D11+E11)/(B11+C11+D11+E11))) | I11: =IF($A11="","",IF(C11+E11=0,"",E11/(C11+E11))) | J11: =IF($A11="","",IF(AND(ISNUMBER(F11),ISNUMBER(G11)),IF(G11<F11,"STOP lower",""),""))
A12: =IF(Summary!A12="","",Summary!A12) | B12: =IF($A12="","",SUMIFS(Raw_data!$C$2:$C$3001,Raw_data!$A$2:$A$3001,$A12,Raw_data!$D$2:$D$3001,"TP",Raw_data!$E$2:$E$3001,"HOLD",Raw_data!$G$2:$G$3001,"Recent")+SUMIFS(Raw_data!$C$2:$C$3001,Raw_data!$A$2:$A$3001,$A12,Raw_data!$D$2:$D$3001,"TP",Raw_data!$E$2:$E$3001,"HOLD",Raw_data!$G$2:$G$3001,"Older")) | C12: =IF($A12="","",SUMIFS(Raw_data!$C$2:$C$3001,Raw_data!$A$2:$A$3001,$A12,Raw_data!$D$2:$D$3001,"FP",Raw_data!$E$2:$E$3001,"HOLD",Raw_data!$G$2:$G$3001,"Recent")+SUMIFS(Raw_data!$C$2:$C$3001,Raw_data!$A$2:$A$3001,$A12,Raw_data!$D$2:$D$3001,"FP",Raw_data!$E$2:$E$3001,"HOLD",Raw_data!$G$2:$G$3001,"Older")) | D12: =IF($A12="","",SUMIFS(Raw_data!$C$2:$C$3001,Raw_data!$A$2:$A$3001,$A12,Raw_data!$D$2:$D$3001,"TP",Raw_data!$E$2:$E$3001,"STOP",Raw_data!$G$2:$G$3001,"Recent")+SUMIFS(Raw_data!$C$2:$C$3001,Raw_data!$A$2:$A$3001,$A12,Raw_data!$D$2:$D$3001,"TP",Raw_data!$E$2:$E$3001,"STOP",Raw_data!$G$2:$G$3001,"Older")) | E12: =IF($A12="","",SUMIFS(Raw_data!$C$2:$C$3001,Raw_data!$A$2:$A$3001,$A12,Raw_data!$D$2:$D$3001,"FP",Raw_data!$E$2:$E$3001,"STOP",Raw_data!$G$2:$G$3001,"Recent")+SUMIFS(Raw_data!$C$2:$C$3001,Raw_data!$A$2:$A$3001,$A12,Raw_data!$D$2:$D$3001,"FP",Raw_data!$E$2:$E$3001,"STOP",Raw_data!$G$2:$G$3001,"Older")) | F12: =IF($A12="","",IF(B12+C12=0,"",B12/(B12+C12))) | G12: =IF($A12="","",IF(D12+E12=0,"",D12/(D12+E12))) | H12: =IF($A12="","",IF(B12+C12+D12+E12=0,"",(D12+E12)/(B12+C12+D12+E12))) | I12: =IF($A12="","",IF(C12+E12=0,"",E12/(C12+E12))) | J12: =IF($A12="","",IF(AND(ISNUMBER(F12),ISNUMBER(G12)),IF(G12<F12,"STOP lower",""),""))
A13: =IF(Summary!A13="","",Summary!A13) | B13: =IF($A13="","",SUMIFS(Raw_data!$C$2:$C$3001,Raw_data!$A$2:$A$3001,$A13,Raw_data!$D$2:$D$3001,"TP",Raw_data!$E$2:$E$3001,"HOLD",Raw_data!$G$2:$G$3001,"Recent")+SUMIFS(Raw_data!$C$2:$C$3001,Raw_data!$A$2:$A$3001,$A13,Raw_data!$D$2:$D$3001,"TP",Raw_data!$E$2:$E$3001,"HOLD",Raw_data!$G$2:$G$3001,"Older")) | C13: =IF($A13="","",SUMIFS(Raw_data!$C$2:$C$3001,Raw_data!$A$2:$A$3001,$A13,Raw_data!$D$2:$D$3001,"FP",Raw_data!$E$2:$E$3001,"HOLD",Raw_data!$G$2:$G$3001,"Recent")+SUMIFS(Raw_data!$C$2:$C$3001,Raw_data!$A$2:$A$3001,$A13,Raw_data!$D$2:$D$3001,"FP",Raw_data!$E$2:$E$3001,"HOLD",Raw_data!$G$2:$G$3001,"Older")) | D13: =IF($A13="","",SUMIFS(Raw_data!$C$2:$C$3001,Raw_data!$A$2:$A$3001,$A13,Raw_data!$D$2:$D$3001,"TP",Raw_data!$E$2:$E$3001,"STOP",Raw_data!$G$2:$G$3001,"Recent")+SUMIFS(Raw_data!$C$2:$C$3001,Raw_data!$A$2:$A$3001,$A13,Raw_data!$D$2:$D$3001,"TP",Raw_data!$E$2:$E$3001,"STOP",Raw_data!$G$2:$G$3001,"Older")) | E13: =IF($A13="","",SUMIFS(Raw_data!$C$2:$C$3001,Raw_data!$A$2:$A$3001,$A13,Raw_data!$D$2:$D$3001,"FP",Raw_data!$E$2:$E$3001,"STOP",Raw_data!$G$2:$G$3001,"Recent")+SUMIFS(Raw_data!$C$2:$C$3001,Raw_data!$A$2:$A$3001,$A13,Raw_data!$D$2:$D$3001,"FP",Raw_data!$E$2:$E$3001,"STOP",Raw_data!$G$2:$G$3001,"Older")) | F13: =IF($A13="","",IF(B13+C13=0,"",B13/(B13+C13))) | G13: =IF($A13="","",IF(D13+E13=0,"",D13/(D13+E13))) | H13: =IF($A13="","",IF(B13+C13+D13+E13=0,"",(D13+E13)/(B13+C13+D13+E13))) | I13: =IF($A13="","",IF(C13+E13=0,"",E13/(C13+E13))) | J13: =IF($A13="","",IF(AND(ISNUMBER(F13),ISNUMBER(G13)),IF(G13<F13,"STOP lower",""),""))
A14: =IF(Summary!A14="","",Summary!A14) | B14: =IF($A14="","",SUMIFS(Raw_data!$C$2:$C$3001,Raw_data!$A$2:$A$3001,$A14,Raw_data!$D$2:$D$3001,"TP",Raw_data!$E$2:$E$3001,"HOLD",Raw_data!$G$2:$G$3001,"Recent")+SUMIFS(Raw_data!$C$2:$C$3001,Raw_data!$A$2:$A$3001,$A14,Raw_data!$D$2:$D$3001,"TP",Raw_data!$E$2:$E$3001,"HOLD",Raw_data!$G$2:$G$3001,"Older")) | C14: =IF($A14="","",SUMIFS(Raw_data!$C$2:$C$3001,Raw_data!$A$2:$A$3001,$A14,Raw_data!$D$2:$D$3001,"FP",Raw_data!$E$2:$E$3001,"HOLD",Raw_data!$G$2:$G$3001,"Recent")+SUMIFS(Raw_data!$C$2:$C$3001,Raw_data!$A$2:$A$3001,$A14,Raw_data!$D$2:$D$3001,"FP",Raw_data!$E$2:$E$3001,"HOLD",Raw_data!$G$2:$G$3001,"Older")) | D14: =IF($A14="","",SUMIFS(Raw_data!$C$2:$C$3001,Raw_data!$A$2:$A$3001,$A14,Raw_data!$D$2:$D$3001,"TP",Raw_data!$E$2:$E$3001,"STOP",Raw_data!$G$2:$G$3001,"Recent")+SUMIFS(Raw_data!$C$2:$C$3001,Raw_data!$A$2:$A$3001,$A14,Raw_data!$D$2:$D$3001,"TP",Raw_data!$E$2:$E$3001,"STOP",Raw_data!$G$2:$G$3001,"Older")) | E14: =IF($A14="","",SUMIFS(Raw_data!$C$2:$C$3001,Raw_data!$A$2:$A$3001,$A14,Raw_data!$D$2:$D$3001,"FP",Raw_data!$E$2:$E$3001,"STOP",Raw_data!$G$2:$G$3001,"Recent")+SUMIFS(Raw_data!$C$2:$C$3001,Raw_data!$A$2:$A$3001,$A14,Raw_data!$D$2:$D$3001,"FP",Raw_data!$E$2:$E$3001,"STOP",Raw_data!$G$2:$G$3001,"Older")) | F14: =IF($A14="","",IF(B14+C14=0,"",B14/(B14+C14))) | G14: =IF($A14="","",IF(D14+E14=0,"",D14/(D14+E14))) | H14: =IF($A14="","",IF(B14+C14+D14+E14=0,"",(D14+E14)/(B14+C14+D14+E14))) | I14: =IF($A14="","",IF(C14+E14=0,"",E14/(C14+E14))) | J14: =IF($A14="","",IF(AND(ISNUMBER(F14),ISNUMBER(G14)),IF(G14<F14,"STOP lower",""),""))
A15: =IF(Summary!A15="","",Summary!A15) | B15: =IF($A15="","",SUMIFS(Raw_data!$C$2:$C$3001,Raw_data!$A$2:$A$3001,$A15,Raw_data!$D$2:$D$3001,"TP",Raw_data!$E$2:$E$3001,"HOLD",Raw_data!$G$2:$G$3001,"Recent")+SUMIFS(Raw_data!$C$2:$C$3001,Raw_data!$A$2:$A$3001,$A15,Raw_data!$D$2:$D$3001,"TP",Raw_data!$E$2:$E$3001,"HOLD",Raw_data!$G$2:$G$3001,"Older")) | C15: =IF($A15="","",SUMIFS(Raw_data!$C$2:$C$3001,Raw_data!$A$2:$A$3001,$A15,Raw_data!$D$2:$D$3001,"FP",Raw_data!$E$2:$E$3001,"HOLD",Raw_data!$G$2:$G$3001,"Recent")+SUMIFS(Raw_data!$C$2:$C$3001,Raw_data!$A$2:$A$3001,$A15,Raw_data!$D$2:$D$3001,"FP",Raw_data!$E$2:$E$3001,"HOLD",Raw_data!$G$2:$G$3001,"Older")) | D15: =IF($A15="","",SUMIFS(Raw_data!$C$2:$C$3001,Raw_data!$A$2:$A$3001,$A15,Raw_data!$D$2:$D$3001,"TP",Raw_data!$E$2:$E$3001,"STOP",Raw_data!$G$2:$G$3001,"Recent")+SUMIFS(Raw_data!$C$2:$C$3001,Raw_data!$A$2:$A$3001,$A15,Raw_data!$D$2:$D$3001,"TP",Raw_data!$E$2:$E$3001,"STOP",Raw_data!$G$2:$G$3001,"Older")) | E15: =IF($A15="","",SUMIFS(Raw_data!$C$2:$C$3001,Raw_data!$A$2:$A$3001,$A15,Raw_data!$D$2:$D$3001,"FP",Raw_data!$E$2:$E$3001,"STOP",Raw_data!$G$2:$G$3001,"Recent")+SUMIFS(Raw_data!$C$2:$C$3001,Raw_data!$A$2:$A$3001,$A15,Raw_data!$D$2:$D$3001,"FP",Raw_data!$E$2:$E$3001,"STOP",Raw_data!$G$2:$G$3001,"Older")) | F15: =IF($A15="","",IF(B15+C15=0,"",B15/(B15+C15))) | G15: =IF($A15="","",IF(D15+E15=0,"",D15/(D15+E15))) | H15: =IF($A15="","",IF(B15+C15+D15+E15=0,"",(D15+E15)/(B15+C15+D15+E15))) | I15: =IF($A15="","",IF(C15+E15=0,"",E15/(C15+E15))) | J15: =IF($A15="","",IF(AND(ISNUMBER(F15),ISNUMBER(G15)),IF(G15<F15,"STOP lower",""),""))
A16: =IF(Summary!A16="","",Summary!A16) | B16: =IF($A16="","",SUMIFS(Raw_data!$C$2:$C$3001,Raw_data!$A$2:$A$3001,$A16,Raw_data!$D$2:$D$3001,"TP",Raw_data!$E$2:$E$3001,"HOLD",Raw_data!$G$2:$G$3001,"Recent")+SUMIFS(Raw_data!$C$2:$C$3001,Raw_data!$A$2:$A$3001,$A16,Raw_data!$D$2:$D$3001,"TP",Raw_data!$E$2:$E$3001,"HOLD",Raw_data!$G$2:$G$3001,"Older")) | C16: =IF($A16="","",SUMIFS(Raw_data!$C$2:$C$3001,Raw_data!$A$2:$A$3001,$A16,Raw_data!$D$2:$D$3001,"FP",Raw_data!$E$2:$E$3001,"HOLD",Raw_data!$G$2:$G$3001,"Recent")+SUMIFS(Raw_data!$C$2:$C$3001,Raw_data!$A$2:$A$3001,$A16,Raw_data!$D$2:$D$3001,"FP",Raw_data!$E$2:$E$3001,"HOLD",Raw_data!$G$2:$G$3001,"Older")) | D16: =IF($A16="","",SUMIFS(Raw_data!$C$2:$C$3001,Raw_data!$A$2:$A$3001,$A16,Raw_data!$D$2:$D$3001,"TP",Raw_data!$E$2:$E$3001,"STOP",Raw_data!$G$2:$G$3001,"Recent")+SUMIFS(Raw_data!$C$2:$C$3001,Raw_data!$A$2:$A$3001,$A16,Raw_data!$D$2:$D$3001,"TP",Raw_data!$E$2:$E$3001,"STOP",Raw_data!$G$2:$G$3001,"Older")) | E16: =IF($A16="","",SUMIFS(Raw_data!$C$2:$C$3001,Raw_data!$A$2:$A$3001,$A16,Raw_data!$D$2:$D$3001,"FP",Raw_data!$E$2:$E$3001,"STOP",Raw_data!$G$2:$G$3001,"Recent")+SUMIFS(Raw_data!$C$2:$C$3001,Raw_data!$A$2:$A$3001,$A16,Raw_data!$D$2:$D$3001,"FP",Raw_data!$E$2:$E$3001,"STOP",Raw_data!$G$2:$G$3001,"Older")) | F16: =IF($A16="","",IF(B16+C16=0,"",B16/(B16+C16))) | G16: =IF($A16="","",IF(D16+E16=0,"",D16/(D16+E16))) | H16: =IF($A16="","",IF(B16+C16+D16+E16=0,"",(D16+E16)/(B16+C16+D16+E16))) | I16: =IF($A16="","",IF(C16+E16=0,"",E16/(C16+E16))) | J16: =IF($A16="","",IF(AND(ISNUMBER(F16),ISNUMBER(G16)),IF(G16<F16,"STOP lower",""),""))
... A154: =IF(Summary!A154="","",Summary!A154) | B154: =IF($A154="","",SUMIFS(Raw_data!$C$2:$C$3001,Raw_data!$A$2:$A$3001,$A154,Raw_data!$D$2:$D$3001,"TP",Raw_data!$E$2:$E$3001,"HOLD",Raw_data!$G$2:$G$3001,"Recent")+SUMIFS(Raw_data!$C$2:$C$3001,Raw_data!$A$2:$A$3001,$A154,Raw_data!$D$2:$D$3001,"TP",Raw_data!$E$2:$E$3001,"HOLD",Raw_data!$G$2:$G$3001,"Older")) | C154: =IF($A154="","",SUMIFS(Raw_data!$C$2:$C$3001,Raw_data!$A$2:$A$3001,$A154,Raw_data!$D$2:$D$3001,"FP",Raw_data!$E$2:$E$3001,"HOLD",Raw_data!$G$2:$G$3001,"Recent")+SUMIFS(Raw_data!$C$2:$C$3001,Raw_data!$A$2:$A$3001,$A154,Raw_data!$D$2:$D$3001,"FP",Raw_data!$E$2:$E$3001,"HOLD",Raw_data!$G$2:$G$3001,"Older")) | D154: =IF($A154="","",SUMIFS(Raw_data!$C$2:$C$3001,Raw_data!$A$2:$A$3001,$A154,Raw_data!$D$2:$D$3001,"TP",Raw_data!$E$2:$E$3001,"STOP",Raw_data!$G$2:$G$3001,"Recent")+SUMIFS(Raw_data!$C$2:$C$3001,Raw_data!$A$2:$A$3001,$A154,Raw_data!$D$2:$D$3001,"TP",Raw_data!$E$2:$E$3001,"STOP",Raw_data!$G$2:$G$3001,"Older")) | E154: =IF($A154="","",SUMIFS(Raw_data!$C$2:$C$3001,Raw_data!$A$2:$A$3001,$A154,Raw_data!$D$2:$D$3001,"FP",Raw_data!$E$2:$E$3001,"STOP",Raw_data!$G$2:$G$3001,"Recent")+SUMIFS(Raw_data!$C$2:$C$3001,Raw_data!$A$2:$A$3001,$A154,Raw_data!$D$2:$D$3001,"FP",Raw_data!$E$2:$E$3001,"STOP",Raw_data!$G$2:$G$3001,"Older")) | F154: =IF($A154="","",IF(B154+C154=0,"",B154/(B154+C154))) | G154: =IF($A154="","",IF(D154+E154=0,"",D154/(D154+E154))) | H154: =IF($A154="","",IF(B154+C154+D154+E154=0,"",(D154+E154)/(B154+C154+D154+E154))) | I154: =IF($A154="","",IF(C154+E154=0,"",E154/(C154+E154))) | J154: =IF($A154="","",IF(AND(ISNUMBER(F154),ISNUMBER(G154)),IF(G154<F154,"STOP lower",""),""))
A155: TOTAL | B155: =SUM(B5:B154) -> 0 | C155: =SUM(C5:C154) -> 0 | D155: =SUM(D5:D154) -> 0 | E155: =SUM(E5:E154) -> 43 | F155: =IF($A155="","",IF(B155+C155=0,"",B155/(B155+C155))) | G155: =IF($A155="","",IF(D155+E155=0,"",D155/(D155+E155))) -> 0 | H155: =IF($A155="","",IF(B155+C155+D155+E155=0,"",(D155+E155)/(B155+C155+D155+E155))) -> 1 | I155: =IF($A155="","",IF(C155+E155=0,"",E155/(C155+E155))) -> 1 | J155: =IF($A155="","",IF(AND(ISNUMBER(F155),ISNUMBER(G155)),IF(G155<F155,"STOP lower",""),""))

Sheet Heat_FP
A1: Heat map: monthly FP volume, top 40 scenarios by FP (Pareto order)
A2: Izquierda: FP por mes. Derecha: FP del mes / media propia de 6 meses (1,0 = normal; rojo = pico, azul = caída). Spike = z del último mes frente a los 5 anteriores (Stability), por lo que puede marcar un valor relativo moderado. Mes 0 y NULL excluidos.
C3: FP per month (count) | K3: FP relative to the scenario's own 6-month mean
A4: Rank | B4: Scenario | C4: 6 | D4: 5 | E4: 4 | F4: 3 | G4: 2 | H4: 1 | I4: Mean | K4: 6 | L4: 5 | M4: 4 | N4: 3 | O4: 2 | P4: 1 | Q4: Spike flag (Stability)
A5: =IF(B5="","",1) -> 1 | B5: =IF(Pareto!B16="","",Pareto!B16) -> RSK RED P CVOL CVAL | C5: =IF($B5="","",SUMIFS(Raw_data!$C$2:$C$3001,Raw_data!$A$2:$A$3001,$B5,Raw_data!$D$2:$D$3001,"FP",Raw_data!$F$2:$F$3001,C$4)) -> 0 | D5: =IF($B5="","",SUMIFS(Raw_data!$C$2:$C$3001,Raw_data!$A$2:$A$3001,$B5,Raw_data!$D$2:$D$3001,"FP",Raw_data!$F$2:$F$3001,D$4)) -> 0 | E5: =IF($B5="","",SUMIFS(Raw_data!$C$2:$C$3001,Raw_data!$A$2:$A$3001,$B5,Raw_data!$D$2:$D$3001,"FP",Raw_data!$F$2:$F$3001,E$4)) -> 0 | F5: =IF($B5="","",SUMIFS(Raw_data!$C$2:$C$3001,Raw_data!$A$2:$A$3001,$B5,Raw_data!$D$2:$D$3001,"FP",Raw_data!$F$2:$F$3001,F$4)) -> 0 | G5: =IF($B5="","",SUMIFS(Raw_data!$C$2:$C$3001,Raw_data!$A$2:$A$3001,$B5,Raw_data!$D$2:$D$3001,"FP",Raw_data!$F$2:$F$3001,G$4)) -> 0 | H5: =IF($B5="","",SUMIFS(Raw_data!$C$2:$C$3001,Raw_data!$A$2:$A$3001,$B5,Raw_data!$D$2:$D$3001,"FP",Raw_data!$F$2:$F$3001,H$4)) -> 43 | I5: =IF($B5="","",AVERAGE(C5:H5)) -> 7.1666667 | K5: =IF(OR($B5="",$I5=0),"",C5/$I5) -> 0 | L5: =IF(OR($B5="",$I5=0),"",D5/$I5) -> 0 | M5: =IF(OR($B5="",$I5=0),"",E5/$I5) -> 0 | N5: =IF(OR($B5="",$I5=0),"",F5/$I5) -> 0 | O5: =IF(OR($B5="",$I5=0),"",G5/$I5) -> 0 | P5: =IF(OR($B5="",$I5=0),"",H5/$I5) -> 6 | Q5: =IF($B5="","",IFERROR(INDEX(Stability!$O$5:$O$154,MATCH($B5,Summary!$A$5:$A$154,0)),""))
A6: =IF(B6="","",2) | B6: =IF(Pareto!B17="","",Pareto!B17) | C6: =IF($B6="","",SUMIFS(Raw_data!$C$2:$C$3001,Raw_data!$A$2:$A$3001,$B6,Raw_data!$D$2:$D$3001,"FP",Raw_data!$F$2:$F$3001,C$4)) | D6: =IF($B6="","",SUMIFS(Raw_data!$C$2:$C$3001,Raw_data!$A$2:$A$3001,$B6,Raw_data!$D$2:$D$3001,"FP",Raw_data!$F$2:$F$3001,D$4)) | E6: =IF($B6="","",SUMIFS(Raw_data!$C$2:$C$3001,Raw_data!$A$2:$A$3001,$B6,Raw_data!$D$2:$D$3001,"FP",Raw_data!$F$2:$F$3001,E$4)) | F6: =IF($B6="","",SUMIFS(Raw_data!$C$2:$C$3001,Raw_data!$A$2:$A$3001,$B6,Raw_data!$D$2:$D$3001,"FP",Raw_data!$F$2:$F$3001,F$4)) | G6: =IF($B6="","",SUMIFS(Raw_data!$C$2:$C$3001,Raw_data!$A$2:$A$3001,$B6,Raw_data!$D$2:$D$3001,"FP",Raw_data!$F$2:$F$3001,G$4)) | H6: =IF($B6="","",SUMIFS(Raw_data!$C$2:$C$3001,Raw_data!$A$2:$A$3001,$B6,Raw_data!$D$2:$D$3001,"FP",Raw_data!$F$2:$F$3001,H$4)) | I6: =IF($B6="","",AVERAGE(C6:H6)) | K6: =IF(OR($B6="",$I6=0),"",C6/$I6) | L6: =IF(OR($B6="",$I6=0),"",D6/$I6) | M6: =IF(OR($B6="",$I6=0),"",E6/$I6) | N6: =IF(OR($B6="",$I6=0),"",F6/$I6) | O6: =IF(OR($B6="",$I6=0),"",G6/$I6) | P6: =IF(OR($B6="",$I6=0),"",H6/$I6) | Q6: =IF($B6="","",IFERROR(INDEX(Stability!$O$5:$O$154,MATCH($B6,Summary!$A$5:$A$154,0)),""))
A7: =IF(B7="","",3) | B7: =IF(Pareto!B18="","",Pareto!B18) | C7: =IF($B7="","",SUMIFS(Raw_data!$C$2:$C$3001,Raw_data!$A$2:$A$3001,$B7,Raw_data!$D$2:$D$3001,"FP",Raw_data!$F$2:$F$3001,C$4)) | D7: =IF($B7="","",SUMIFS(Raw_data!$C$2:$C$3001,Raw_data!$A$2:$A$3001,$B7,Raw_data!$D$2:$D$3001,"FP",Raw_data!$F$2:$F$3001,D$4)) | E7: =IF($B7="","",SUMIFS(Raw_data!$C$2:$C$3001,Raw_data!$A$2:$A$3001,$B7,Raw_data!$D$2:$D$3001,"FP",Raw_data!$F$2:$F$3001,E$4)) | F7: =IF($B7="","",SUMIFS(Raw_data!$C$2:$C$3001,Raw_data!$A$2:$A$3001,$B7,Raw_data!$D$2:$D$3001,"FP",Raw_data!$F$2:$F$3001,F$4)) | G7: =IF($B7="","",SUMIFS(Raw_data!$C$2:$C$3001,Raw_data!$A$2:$A$3001,$B7,Raw_data!$D$2:$D$3001,"FP",Raw_data!$F$2:$F$3001,G$4)) | H7: =IF($B7="","",SUMIFS(Raw_data!$C$2:$C$3001,Raw_data!$A$2:$A$3001,$B7,Raw_data!$D$2:$D$3001,"FP",Raw_data!$F$2:$F$3001,H$4)) | I7: =IF($B7="","",AVERAGE(C7:H7)) | K7: =IF(OR($B7="",$I7=0),"",C7/$I7) | L7: =IF(OR($B7="",$I7=0),"",D7/$I7) | M7: =IF(OR($B7="",$I7=0),"",E7/$I7) | N7: =IF(OR($B7="",$I7=0),"",F7/$I7) | O7: =IF(OR($B7="",$I7=0),"",G7/$I7) | P7: =IF(OR($B7="",$I7=0),"",H7/$I7) | Q7: =IF($B7="","",IFERROR(INDEX(Stability!$O$5:$O$154,MATCH($B7,Summary!$A$5:$A$154,0)),""))
A8: =IF(B8="","",4) | B8: =IF(Pareto!B19="","",Pareto!B19) | C8: =IF($B8="","",SUMIFS(Raw_data!$C$2:$C$3001,Raw_data!$A$2:$A$3001,$B8,Raw_data!$D$2:$D$3001,"FP",Raw_data!$F$2:$F$3001,C$4)) | D8: =IF($B8="","",SUMIFS(Raw_data!$C$2:$C$3001,Raw_data!$A$2:$A$3001,$B8,Raw_data!$D$2:$D$3001,"FP",Raw_data!$F$2:$F$3001,D$4)) | E8: =IF($B8="","",SUMIFS(Raw_data!$C$2:$C$3001,Raw_data!$A$2:$A$3001,$B8,Raw_data!$D$2:$D$3001,"FP",Raw_data!$F$2:$F$3001,E$4)) | F8: =IF($B8="","",SUMIFS(Raw_data!$C$2:$C$3001,Raw_data!$A$2:$A$3001,$B8,Raw_data!$D$2:$D$3001,"FP",Raw_data!$F$2:$F$3001,F$4)) | G8: =IF($B8="","",SUMIFS(Raw_data!$C$2:$C$3001,Raw_data!$A$2:$A$3001,$B8,Raw_data!$D$2:$D$3001,"FP",Raw_data!$F$2:$F$3001,G$4)) | H8: =IF($B8="","",SUMIFS(Raw_data!$C$2:$C$3001,Raw_data!$A$2:$A$3001,$B8,Raw_data!$D$2:$D$3001,"FP",Raw_data!$F$2:$F$3001,H$4)) | I8: =IF($B8="","",AVERAGE(C8:H8)) | K8: =IF(OR($B8="",$I8=0),"",C8/$I8) | L8: =IF(OR($B8="",$I8=0),"",D8/$I8) | M8: =IF(OR($B8="",$I8=0),"",E8/$I8) | N8: =IF(OR($B8="",$I8=0),"",F8/$I8) | O8: =IF(OR($B8="",$I8=0),"",G8/$I8) | P8: =IF(OR($B8="",$I8=0),"",H8/$I8) | Q8: =IF($B8="","",IFERROR(INDEX(Stability!$O$5:$O$154,MATCH($B8,Summary!$A$5:$A$154,0)),""))
A9: =IF(B9="","",5) | B9: =IF(Pareto!B20="","",Pareto!B20) | C9: =IF($B9="","",SUMIFS(Raw_data!$C$2:$C$3001,Raw_data!$A$2:$A$3001,$B9,Raw_data!$D$2:$D$3001,"FP",Raw_data!$F$2:$F$3001,C$4)) | D9: =IF($B9="","",SUMIFS(Raw_data!$C$2:$C$3001,Raw_data!$A$2:$A$3001,$B9,Raw_data!$D$2:$D$3001,"FP",Raw_data!$F$2:$F$3001,D$4)) | E9: =IF($B9="","",SUMIFS(Raw_data!$C$2:$C$3001,Raw_data!$A$2:$A$3001,$B9,Raw_data!$D$2:$D$3001,"FP",Raw_data!$F$2:$F$3001,E$4)) | F9: =IF($B9="","",SUMIFS(Raw_data!$C$2:$C$3001,Raw_data!$A$2:$A$3001,$B9,Raw_data!$D$2:$D$3001,"FP",Raw_data!$F$2:$F$3001,F$4)) | G9: =IF($B9="","",SUMIFS(Raw_data!$C$2:$C$3001,Raw_data!$A$2:$A$3001,$B9,Raw_data!$D$2:$D$3001,"FP",Raw_data!$F$2:$F$3001,G$4)) | H9: =IF($B9="","",SUMIFS(Raw_data!$C$2:$C$3001,Raw_data!$A$2:$A$3001,$B9,Raw_data!$D$2:$D$3001,"FP",Raw_data!$F$2:$F$3001,H$4)) | I9: =IF($B9="","",AVERAGE(C9:H9)) | K9: =IF(OR($B9="",$I9=0),"",C9/$I9) | L9: =IF(OR($B9="",$I9=0),"",D9/$I9) | M9: =IF(OR($B9="",$I9=0),"",E9/$I9) | N9: =IF(OR($B9="",$I9=0),"",F9/$I9) | O9: =IF(OR($B9="",$I9=0),"",G9/$I9) | P9: =IF(OR($B9="",$I9=0),"",H9/$I9) | Q9: =IF($B9="","",IFERROR(INDEX(Stability!$O$5:$O$154,MATCH($B9,Summary!$A$5:$A$154,0)),""))
A10: =IF(B10="","",6) | B10: =IF(Pareto!B21="","",Pareto!B21) | C10: =IF($B10="","",SUMIFS(Raw_data!$C$2:$C$3001,Raw_data!$A$2:$A$3001,$B10,Raw_data!$D$2:$D$3001,"FP",Raw_data!$F$2:$F$3001,C$4)) | D10: =IF($B10="","",SUMIFS(Raw_data!$C$2:$C$3001,Raw_data!$A$2:$A$3001,$B10,Raw_data!$D$2:$D$3001,"FP",Raw_data!$F$2:$F$3001,D$4)) | E10: =IF($B10="","",SUMIFS(Raw_data!$C$2:$C$3001,Raw_data!$A$2:$A$3001,$B10,Raw_data!$D$2:$D$3001,"FP",Raw_data!$F$2:$F$3001,E$4)) | F10: =IF($B10="","",SUMIFS(Raw_data!$C$2:$C$3001,Raw_data!$A$2:$A$3001,$B10,Raw_data!$D$2:$D$3001,"FP",Raw_data!$F$2:$F$3001,F$4)) | G10: =IF($B10="","",SUMIFS(Raw_data!$C$2:$C$3001,Raw_data!$A$2:$A$3001,$B10,Raw_data!$D$2:$D$3001,"FP",Raw_data!$F$2:$F$3001,G$4)) | H10: =IF($B10="","",SUMIFS(Raw_data!$C$2:$C$3001,Raw_data!$A$2:$A$3001,$B10,Raw_data!$D$2:$D$3001,"FP",Raw_data!$F$2:$F$3001,H$4)) | I10: =IF($B10="","",AVERAGE(C10:H10)) | K10: =IF(OR($B10="",$I10=0),"",C10/$I10) | L10: =IF(OR($B10="",$I10=0),"",D10/$I10) | M10: =IF(OR($B10="",$I10=0),"",E10/$I10) | N10: =IF(OR($B10="",$I10=0),"",F10/$I10) | O10: =IF(OR($B10="",$I10=0),"",G10/$I10) | P10: =IF(OR($B10="",$I10=0),"",H10/$I10) | Q10: =IF($B10="","",IFERROR(INDEX(Stability!$O$5:$O$154,MATCH($B10,Summary!$A$5:$A$154,0)),""))
A11: =IF(B11="","",7) | B11: =IF(Pareto!B22="","",Pareto!B22) | C11: =IF($B11="","",SUMIFS(Raw_data!$C$2:$C$3001,Raw_data!$A$2:$A$3001,$B11,Raw_data!$D$2:$D$3001,"FP",Raw_data!$F$2:$F$3001,C$4)) | D11: =IF($B11="","",SUMIFS(Raw_data!$C$2:$C$3001,Raw_data!$A$2:$A$3001,$B11,Raw_data!$D$2:$D$3001,"FP",Raw_data!$F$2:$F$3001,D$4)) | E11: =IF($B11="","",SUMIFS(Raw_data!$C$2:$C$3001,Raw_data!$A$2:$A$3001,$B11,Raw_data!$D$2:$D$3001,"FP",Raw_data!$F$2:$F$3001,E$4)) | F11: =IF($B11="","",SUMIFS(Raw_data!$C$2:$C$3001,Raw_data!$A$2:$A$3001,$B11,Raw_data!$D$2:$D$3001,"FP",Raw_data!$F$2:$F$3001,F$4)) | G11: =IF($B11="","",SUMIFS(Raw_data!$C$2:$C$3001,Raw_data!$A$2:$A$3001,$B11,Raw_data!$D$2:$D$3001,"FP",Raw_data!$F$2:$F$3001,G$4)) | H11: =IF($B11="","",SUMIFS(Raw_data!$C$2:$C$3001,Raw_data!$A$2:$A$3001,$B11,Raw_data!$D$2:$D$3001,"FP",Raw_data!$F$2:$F$3001,H$4)) | I11: =IF($B11="","",AVERAGE(C11:H11)) | K11: =IF(OR($B11="",$I11=0),"",C11/$I11) | L11: =IF(OR($B11="",$I11=0),"",D11/$I11) | M11: =IF(OR($B11="",$I11=0),"",E11/$I11) | N11: =IF(OR($B11="",$I11=0),"",F11/$I11) | O11: =IF(OR($B11="",$I11=0),"",G11/$I11) | P11: =IF(OR($B11="",$I11=0),"",H11/$I11) | Q11: =IF($B11="","",IFERROR(INDEX(Stability!$O$5:$O$154,MATCH($B11,Summary!$A$5:$A$154,0)),""))
A12: =IF(B12="","",8) | B12: =IF(Pareto!B23="","",Pareto!B23) | C12: =IF($B12="","",SUMIFS(Raw_data!$C$2:$C$3001,Raw_data!$A$2:$A$3001,$B12,Raw_data!$D$2:$D$3001,"FP",Raw_data!$F$2:$F$3001,C$4)) | D12: =IF($B12="","",SUMIFS(Raw_data!$C$2:$C$3001,Raw_data!$A$2:$A$3001,$B12,Raw_data!$D$2:$D$3001,"FP",Raw_data!$F$2:$F$3001,D$4)) | E12: =IF($B12="","",SUMIFS(Raw_data!$C$2:$C$3001,Raw_data!$A$2:$A$3001,$B12,Raw_data!$D$2:$D$3001,"FP",Raw_data!$F$2:$F$3001,E$4)) | F12: =IF($B12="","",SUMIFS(Raw_data!$C$2:$C$3001,Raw_data!$A$2:$A$3001,$B12,Raw_data!$D$2:$D$3001,"FP",Raw_data!$F$2:$F$3001,F$4)) | G12: =IF($B12="","",SUMIFS(Raw_data!$C$2:$C$3001,Raw_data!$A$2:$A$3001,$B12,Raw_data!$D$2:$D$3001,"FP",Raw_data!$F$2:$F$3001,G$4)) | H12: =IF($B12="","",SUMIFS(Raw_data!$C$2:$C$3001,Raw_data!$A$2:$A$3001,$B12,Raw_data!$D$2:$D$3001,"FP",Raw_data!$F$2:$F$3001,H$4)) | I12: =IF($B12="","",AVERAGE(C12:H12)) | K12: =IF(OR($B12="",$I12=0),"",C12/$I12) | L12: =IF(OR($B12="",$I12=0),"",D12/$I12) | M12: =IF(OR($B12="",$I12=0),"",E12/$I12) | N12: =IF(OR($B12="",$I12=0),"",F12/$I12) | O12: =IF(OR($B12="",$I12=0),"",G12/$I12) | P12: =IF(OR($B12="",$I12=0),"",H12/$I12) | Q12: =IF($B12="","",IFERROR(INDEX(Stability!$O$5:$O$154,MATCH($B12,Summary!$A$5:$A$154,0)),""))
A13: =IF(B13="","",9) | B13: =IF(Pareto!B24="","",Pareto!B24) | C13: =IF($B13="","",SUMIFS(Raw_data!$C$2:$C$3001,Raw_data!$A$2:$A$3001,$B13,Raw_data!$D$2:$D$3001,"FP",Raw_data!$F$2:$F$3001,C$4)) | D13: =IF($B13="","",SUMIFS(Raw_data!$C$2:$C$3001,Raw_data!$A$2:$A$3001,$B13,Raw_data!$D$2:$D$3001,"FP",Raw_data!$F$2:$F$3001,D$4)) | E13: =IF($B13="","",SUMIFS(Raw_data!$C$2:$C$3001,Raw_data!$A$2:$A$3001,$B13,Raw_data!$D$2:$D$3001,"FP",Raw_data!$F$2:$F$3001,E$4)) | F13: =IF($B13="","",SUMIFS(Raw_data!$C$2:$C$3001,Raw_data!$A$2:$A$3001,$B13,Raw_data!$D$2:$D$3001,"FP",Raw_data!$F$2:$F$3001,F$4)) | G13: =IF($B13="","",SUMIFS(Raw_data!$C$2:$C$3001,Raw_data!$A$2:$A$3001,$B13,Raw_data!$D$2:$D$3001,"FP",Raw_data!$F$2:$F$3001,G$4)) | H13: =IF($B13="","",SUMIFS(Raw_data!$C$2:$C$3001,Raw_data!$A$2:$A$3001,$B13,Raw_data!$D$2:$D$3001,"FP",Raw_data!$F$2:$F$3001,H$4)) | I13: =IF($B13="","",AVERAGE(C13:H13)) | K13: =IF(OR($B13="",$I13=0),"",C13/$I13) | L13: =IF(OR($B13="",$I13=0),"",D13/$I13) | M13: =IF(OR($B13="",$I13=0),"",E13/$I13) | N13: =IF(OR($B13="",$I13=0),"",F13/$I13) | O13: =IF(OR($B13="",$I13=0),"",G13/$I13) | P13: =IF(OR($B13="",$I13=0),"",H13/$I13) | Q13: =IF($B13="","",IFERROR(INDEX(Stability!$O$5:$O$154,MATCH($B13,Summary!$A$5:$A$154,0)),""))
A14: =IF(B14="","",10) | B14: =IF(Pareto!B25="","",Pareto!B25) | C14: =IF($B14="","",SUMIFS(Raw_data!$C$2:$C$3001,Raw_data!$A$2:$A$3001,$B14,Raw_data!$D$2:$D$3001,"FP",Raw_data!$F$2:$F$3001,C$4)) | D14: =IF($B14="","",SUMIFS(Raw_data!$C$2:$C$3001,Raw_data!$A$2:$A$3001,$B14,Raw_data!$D$2:$D$3001,"FP",Raw_data!$F$2:$F$3001,D$4)) | E14: =IF($B14="","",SUMIFS(Raw_data!$C$2:$C$3001,Raw_data!$A$2:$A$3001,$B14,Raw_data!$D$2:$D$3001,"FP",Raw_data!$F$2:$F$3001,E$4)) | F14: =IF($B14="","",SUMIFS(Raw_data!$C$2:$C$3001,Raw_data!$A$2:$A$3001,$B14,Raw_data!$D$2:$D$3001,"FP",Raw_data!$F$2:$F$3001,F$4)) | G14: =IF($B14="","",SUMIFS(Raw_data!$C$2:$C$3001,Raw_data!$A$2:$A$3001,$B14,Raw_data!$D$2:$D$3001,"FP",Raw_data!$F$2:$F$3001,G$4)) | H14: =IF($B14="","",SUMIFS(Raw_data!$C$2:$C$3001,Raw_data!$A$2:$A$3001,$B14,Raw_data!$D$2:$D$3001,"FP",Raw_data!$F$2:$F$3001,H$4)) | I14: =IF($B14="","",AVERAGE(C14:H14)) | K14: =IF(OR($B14="",$I14=0),"",C14/$I14) | L14: =IF(OR($B14="",$I14=0),"",D14/$I14) | M14: =IF(OR($B14="",$I14=0),"",E14/$I14) | N14: =IF(OR($B14="",$I14=0),"",F14/$I14) | O14: =IF(OR($B14="",$I14=0),"",G14/$I14) | P14: =IF(OR($B14="",$I14=0),"",H14/$I14) | Q14: =IF($B14="","",IFERROR(INDEX(Stability!$O$5:$O$154,MATCH($B14,Summary!$A$5:$A$154,0)),""))
A15: =IF(B15="","",11) | B15: =IF(Pareto!B26="","",Pareto!B26) | C15: =IF($B15="","",SUMIFS(Raw_data!$C$2:$C$3001,Raw_data!$A$2:$A$3001,$B15,Raw_data!$D$2:$D$3001,"FP",Raw_data!$F$2:$F$3001,C$4)) | D15: =IF($B15="","",SUMIFS(Raw_data!$C$2:$C$3001,Raw_data!$A$2:$A$3001,$B15,Raw_data!$D$2:$D$3001,"FP",Raw_data!$F$2:$F$3001,D$4)) | E15: =IF($B15="","",SUMIFS(Raw_data!$C$2:$C$3001,Raw_data!$A$2:$A$3001,$B15,Raw_data!$D$2:$D$3001,"FP",Raw_data!$F$2:$F$3001,E$4)) | F15: =IF($B15="","",SUMIFS(Raw_data!$C$2:$C$3001,Raw_data!$A$2:$A$3001,$B15,Raw_data!$D$2:$D$3001,"FP",Raw_data!$F$2:$F$3001,F$4)) | G15: =IF($B15="","",SUMIFS(Raw_data!$C$2:$C$3001,Raw_data!$A$2:$A$3001,$B15,Raw_data!$D$2:$D$3001,"FP",Raw_data!$F$2:$F$3001,G$4)) | H15: =IF($B15="","",SUMIFS(Raw_data!$C$2:$C$3001,Raw_data!$A$2:$A$3001,$B15,Raw_data!$D$2:$D$3001,"FP",Raw_data!$F$2:$F$3001,H$4)) | I15: =IF($B15="","",AVERAGE(C15:H15)) | K15: =IF(OR($B15="",$I15=0),"",C15/$I15) | L15: =IF(OR($B15="",$I15=0),"",D15/$I15) | M15: =IF(OR($B15="",$I15=0),"",E15/$I15) | N15: =IF(OR($B15="",$I15=0),"",F15/$I15) | O15: =IF(OR($B15="",$I15=0),"",G15/$I15) | P15: =IF(OR($B15="",$I15=0),"",H15/$I15) | Q15: =IF($B15="","",IFERROR(INDEX(Stability!$O$5:$O$154,MATCH($B15,Summary!$A$5:$A$154,0)),""))
A16: =IF(B16="","",12) | B16: =IF(Pareto!B27="","",Pareto!B27) | C16: =IF($B16="","",SUMIFS(Raw_data!$C$2:$C$3001,Raw_data!$A$2:$A$3001,$B16,Raw_data!$D$2:$D$3001,"FP",Raw_data!$F$2:$F$3001,C$4)) | D16: =IF($B16="","",SUMIFS(Raw_data!$C$2:$C$3001,Raw_data!$A$2:$A$3001,$B16,Raw_data!$D$2:$D$3001,"FP",Raw_data!$F$2:$F$3001,D$4)) | E16: =IF($B16="","",SUMIFS(Raw_data!$C$2:$C$3001,Raw_data!$A$2:$A$3001,$B16,Raw_data!$D$2:$D$3001,"FP",Raw_data!$F$2:$F$3001,E$4)) | F16: =IF($B16="","",SUMIFS(Raw_data!$C$2:$C$3001,Raw_data!$A$2:$A$3001,$B16,Raw_data!$D$2:$D$3001,"FP",Raw_data!$F$2:$F$3001,F$4)) | G16: =IF($B16="","",SUMIFS(Raw_data!$C$2:$C$3001,Raw_data!$A$2:$A$3001,$B16,Raw_data!$D$2:$D$3001,"FP",Raw_data!$F$2:$F$3001,G$4)) | H16: =IF($B16="","",SUMIFS(Raw_data!$C$2:$C$3001,Raw_data!$A$2:$A$3001,$B16,Raw_data!$D$2:$D$3001,"FP",Raw_data!$F$2:$F$3001,H$4)) | I16: =IF($B16="","",AVERAGE(C16:H16)) | K16: =IF(OR($B16="",$I16=0),"",C16/$I16) | L16: =IF(OR($B16="",$I16=0),"",D16/$I16) | M16: =IF(OR($B16="",$I16=0),"",E16/$I16) | N16: =IF(OR($B16="",$I16=0),"",F16/$I16) | O16: =IF(OR($B16="",$I16=0),"",G16/$I16) | P16: =IF(OR($B16="",$I16=0),"",H16/$I16) | Q16: =IF($B16="","",IFERROR(INDEX(Stability!$O$5:$O$154,MATCH($B16,Summary!$A$5:$A$154,0)),""))
A17: =IF(B17="","",13) | B17: =IF(Pareto!B28="","",Pareto!B28) | C17: =IF($B17="","",SUMIFS(Raw_data!$C$2:$C$3001,Raw_data!$A$2:$A$3001,$B17,Raw_data!$D$2:$D$3001,"FP",Raw_data!$F$2:$F$3001,C$4)) | D17: =IF($B17="","",SUMIFS(Raw_data!$C$2:$C$3001,Raw_data!$A$2:$A$3001,$B17,Raw_data!$D$2:$D$3001,"FP",Raw_data!$F$2:$F$3001,D$4)) | E17: =IF($B17="","",SUMIFS(Raw_data!$C$2:$C$3001,Raw_data!$A$2:$A$3001,$B17,Raw_data!$D$2:$D$3001,"FP",Raw_data!$F$2:$F$3001,E$4)) | F17: =IF($B17="","",SUMIFS(Raw_data!$C$2:$C$3001,Raw_data!$A$2:$A$3001,$B17,Raw_data!$D$2:$D$3001,"FP",Raw_data!$F$2:$F$3001,F$4)) | G17: =IF($B17="","",SUMIFS(Raw_data!$C$2:$C$3001,Raw_data!$A$2:$A$3001,$B17,Raw_data!$D$2:$D$3001,"FP",Raw_data!$F$2:$F$3001,G$4)) | H17: =IF($B17="","",SUMIFS(Raw_data!$C$2:$C$3001,Raw_data!$A$2:$A$3001,$B17,Raw_data!$D$2:$D$3001,"FP",Raw_data!$F$2:$F$3001,H$4)) | I17: =IF($B17="","",AVERAGE(C17:H17)) | K17: =IF(OR($B17="",$I17=0),"",C17/$I17) | L17: =IF(OR($B17="",$I17=0),"",D17/$I17) | M17: =IF(OR($B17="",$I17=0),"",E17/$I17) | N17: =IF(OR($B17="",$I17=0),"",F17/$I17) | O17: =IF(OR($B17="",$I17=0),"",G17/$I17) | P17: =IF(OR($B17="",$I17=0),"",H17/$I17) | Q17: =IF($B17="","",IFERROR(INDEX(Stability!$O$5:$O$154,MATCH($B17,Summary!$A$5:$A$154,0)),""))
A18: =IF(B18="","",14) | B18: =IF(Pareto!B29="","",Pareto!B29) | C18: =IF($B18="","",SUMIFS(Raw_data!$C$2:$C$3001,Raw_data!$A$2:$A$3001,$B18,Raw_data!$D$2:$D$3001,"FP",Raw_data!$F$2:$F$3001,C$4)) | D18: =IF($B18="","",SUMIFS(Raw_data!$C$2:$C$3001,Raw_data!$A$2:$A$3001,$B18,Raw_data!$D$2:$D$3001,"FP",Raw_data!$F$2:$F$3001,D$4)) | E18: =IF($B18="","",SUMIFS(Raw_data!$C$2:$C$3001,Raw_data!$A$2:$A$3001,$B18,Raw_data!$D$2:$D$3001,"FP",Raw_data!$F$2:$F$3001,E$4)) | F18: =IF($B18="","",SUMIFS(Raw_data!$C$2:$C$3001,Raw_data!$A$2:$A$3001,$B18,Raw_data!$D$2:$D$3001,"FP",Raw_data!$F$2:$F$3001,F$4)) | G18: =IF($B18="","",SUMIFS(Raw_data!$C$2:$C$3001,Raw_data!$A$2:$A$3001,$B18,Raw_data!$D$2:$D$3001,"FP",Raw_data!$F$2:$F$3001,G$4)) | H18: =IF($B18="","",SUMIFS(Raw_data!$C$2:$C$3001,Raw_data!$A$2:$A$3001,$B18,Raw_data!$D$2:$D$3001,"FP",Raw_data!$F$2:$F$3001,H$4)) | I18: =IF($B18="","",AVERAGE(C18:H18)) | K18: =IF(OR($B18="",$I18=0),"",C18/$I18) | L18: =IF(OR($B18="",$I18=0),"",D18/$I18) | M18: =IF(OR($B18="",$I18=0),"",E18/$I18) | N18: =IF(OR($B18="",$I18=0),"",F18/$I18) | O18: =IF(OR($B18="",$I18=0),"",G18/$I18) | P18: =IF(OR($B18="",$I18=0),"",H18/$I18) | Q18: =IF($B18="","",IFERROR(INDEX(Stability!$O$5:$O$154,MATCH($B18,Summary!$A$5:$A$154,0)),""))
A19: =IF(B19="","",15) | B19: =IF(Pareto!B30="","",Pareto!B30) | C19: =IF($B19="","",SUMIFS(Raw_data!$C$2:$C$3001,Raw_data!$A$2:$A$3001,$B19,Raw_data!$D$2:$D$3001,"FP",Raw_data!$F$2:$F$3001,C$4)) | D19: =IF($B19="","",SUMIFS(Raw_data!$C$2:$C$3001,Raw_data!$A$2:$A$3001,$B19,Raw_data!$D$2:$D$3001,"FP",Raw_data!$F$2:$F$3001,D$4)) | E19: =IF($B19="","",SUMIFS(Raw_data!$C$2:$C$3001,Raw_data!$A$2:$A$3001,$B19,Raw_data!$D$2:$D$3001,"FP",Raw_data!$F$2:$F$3001,E$4)) | F19: =IF($B19="","",SUMIFS(Raw_data!$C$2:$C$3001,Raw_data!$A$2:$A$3001,$B19,Raw_data!$D$2:$D$3001,"FP",Raw_data!$F$2:$F$3001,F$4)) | G19: =IF($B19="","",SUMIFS(Raw_data!$C$2:$C$3001,Raw_data!$A$2:$A$3001,$B19,Raw_data!$D$2:$D$3001,"FP",Raw_data!$F$2:$F$3001,G$4)) | H19: =IF($B19="","",SUMIFS(Raw_data!$C$2:$C$3001,Raw_data!$A$2:$A$3001,$B19,Raw_data!$D$2:$D$3001,"FP",Raw_data!$F$2:$F$3001,H$4)) | I19: =IF($B19="","",AVERAGE(C19:H19)) | K19: =IF(OR($B19="",$I19=0),"",C19/$I19) | L19: =IF(OR($B19="",$I19=0),"",D19/$I19) | M19: =IF(OR($B19="",$I19=0),"",E19/$I19) | N19: =IF(OR($B19="",$I19=0),"",F19/$I19) | O19: =IF(OR($B19="",$I19=0),"",G19/$I19) | P19: =IF(OR($B19="",$I19=0),"",H19/$I19) | Q19: =IF($B19="","",IFERROR(INDEX(Stability!$O$5:$O$154,MATCH($B19,Summary!$A$5:$A$154,0)),""))
A20: =IF(B20="","",16) | B20: =IF(Pareto!B31="","",Pareto!B31) | C20: =IF($B20="","",SUMIFS(Raw_data!$C$2:$C$3001,Raw_data!$A$2:$A$3001,$B20,Raw_data!$D$2:$D$3001,"FP",Raw_data!$F$2:$F$3001,C$4)) | D20: =IF($B20="","",SUMIFS(Raw_data!$C$2:$C$3001,Raw_data!$A$2:$A$3001,$B20,Raw_data!$D$2:$D$3001,"FP",Raw_data!$F$2:$F$3001,D$4)) | E20: =IF($B20="","",SUMIFS(Raw_data!$C$2:$C$3001,Raw_data!$A$2:$A$3001,$B20,Raw_data!$D$2:$D$3001,"FP",Raw_data!$F$2:$F$3001,E$4)) | F20: =IF($B20="","",SUMIFS(Raw_data!$C$2:$C$3001,Raw_data!$A$2:$A$3001,$B20,Raw_data!$D$2:$D$3001,"FP",Raw_data!$F$2:$F$3001,F$4)) | G20: =IF($B20="","",SUMIFS(Raw_data!$C$2:$C$3001,Raw_data!$A$2:$A$3001,$B20,Raw_data!$D$2:$D$3001,"FP",Raw_data!$F$2:$F$3001,G$4)) | H20: =IF($B20="","",SUMIFS(Raw_data!$C$2:$C$3001,Raw_data!$A$2:$A$3001,$B20,Raw_data!$D$2:$D$3001,"FP",Raw_data!$F$2:$F$3001,H$4)) | I20: =IF($B20="","",AVERAGE(C20:H20)) | K20: =IF(OR($B20="",$I20=0),"",C20/$I20) | L20: =IF(OR($B20="",$I20=0),"",D20/$I20) | M20: =IF(OR($B20="",$I20=0),"",E20/$I20) | N20: =IF(OR($B20="",$I20=0),"",F20/$I20) | O20: =IF(OR($B20="",$I20=0),"",G20/$I20) | P20: =IF(OR($B20="",$I20=0),"",H20/$I20) | Q20: =IF($B20="","",IFERROR(INDEX(Stability!$O$5:$O$154,MATCH($B20,Summary!$A$5:$A$154,0)),""))
A21: =IF(B21="","",17) | B21: =IF(Pareto!B32="","",Pareto!B32) | C21: =IF($B21="","",SUMIFS(Raw_data!$C$2:$C$3001,Raw_data!$A$2:$A$3001,$B21,Raw_data!$D$2:$D$3001,"FP",Raw_data!$F$2:$F$3001,C$4)) | D21: =IF($B21="","",SUMIFS(Raw_data!$C$2:$C$3001,Raw_data!$A$2:$A$3001,$B21,Raw_data!$D$2:$D$3001,"FP",Raw_data!$F$2:$F$3001,D$4)) | E21: =IF($B21="","",SUMIFS(Raw_data!$C$2:$C$3001,Raw_data!$A$2:$A$3001,$B21,Raw_data!$D$2:$D$3001,"FP",Raw_data!$F$2:$F$3001,E$4)) | F21: =IF($B21="","",SUMIFS(Raw_data!$C$2:$C$3001,Raw_data!$A$2:$A$3001,$B21,Raw_data!$D$2:$D$3001,"FP",Raw_data!$F$2:$F$3001,F$4)) | G21: =IF($B21="","",SUMIFS(Raw_data!$C$2:$C$3001,Raw_data!$A$2:$A$3001,$B21,Raw_data!$D$2:$D$3001,"FP",Raw_data!$F$2:$F$3001,G$4)) | H21: =IF($B21="","",SUMIFS(Raw_data!$C$2:$C$3001,Raw_data!$A$2:$A$3001,$B21,Raw_data!$D$2:$D$3001,"FP",Raw_data!$F$2:$F$3001,H$4)) | I21: =IF($B21="","",AVERAGE(C21:H21)) | K21: =IF(OR($B21="",$I21=0),"",C21/$I21) | L21: =IF(OR($B21="",$I21=0),"",D21/$I21) | M21: =IF(OR($B21="",$I21=0),"",E21/$I21) | N21: =IF(OR($B21="",$I21=0),"",F21/$I21) | O21: =IF(OR($B21="",$I21=0),"",G21/$I21) | P21: =IF(OR($B21="",$I21=0),"",H21/$I21) | Q21: =IF($B21="","",IFERROR(INDEX(Stability!$O$5:$O$154,MATCH($B21,Summary!$A$5:$A$154,0)),""))
A22: =IF(B22="","",18) | B22: =IF(Pareto!B33="","",Pareto!B33) | C22: =IF($B22="","",SUMIFS(Raw_data!$C$2:$C$3001,Raw_data!$A$2:$A$3001,$B22,Raw_data!$D$2:$D$3001,"FP",Raw_data!$F$2:$F$3001,C$4)) | D22: =IF($B22="","",SUMIFS(Raw_data!$C$2:$C$3001,Raw_data!$A$2:$A$3001,$B22,Raw_data!$D$2:$D$3001,"FP",Raw_data!$F$2:$F$3001,D$4)) | E22: =IF($B22="","",SUMIFS(Raw_data!$C$2:$C$3001,Raw_data!$A$2:$A$3001,$B22,Raw_data!$D$2:$D$3001,"FP",Raw_data!$F$2:$F$3001,E$4)) | F22: =IF($B22="","",SUMIFS(Raw_data!$C$2:$C$3001,Raw_data!$A$2:$A$3001,$B22,Raw_data!$D$2:$D$3001,"FP",Raw_data!$F$2:$F$3001,F$4)) | G22: =IF($B22="","",SUMIFS(Raw_data!$C$2:$C$3001,Raw_data!$A$2:$A$3001,$B22,Raw_data!$D$2:$D$3001,"FP",Raw_data!$F$2:$F$3001,G$4)) | H22: =IF($B22="","",SUMIFS(Raw_data!$C$2:$C$3001,Raw_data!$A$2:$A$3001,$B22,Raw_data!$D$2:$D$3001,"FP",Raw_data!$F$2:$F$3001,H$4)) | I22: =IF($B22="","",AVERAGE(C22:H22)) | K22: =IF(OR($B22="",$I22=0),"",C22/$I22) | L22: =IF(OR($B22="",$I22=0),"",D22/$I22) | M22: =IF(OR($B22="",$I22=0),"",E22/$I22) | N22: =IF(OR($B22="",$I22=0),"",F22/$I22) | O22: =IF(OR($B22="",$I22=0),"",G22/$I22) | P22: =IF(OR($B22="",$I22=0),"",H22/$I22) | Q22: =IF($B22="","",IFERROR(INDEX(Stability!$O$5:$O$154,MATCH($B22,Summary!$A$5:$A$154,0)),""))
A23: =IF(B23="","",19) | B23: =IF(Pareto!B34="","",Pareto!B34) | C23: =IF($B23="","",SUMIFS(Raw_data!$C$2:$C$3001,Raw_data!$A$2:$A$3001,$B23,Raw_data!$D$2:$D$3001,"FP",Raw_data!$F$2:$F$3001,C$4)) | D23: =IF($B23="","",SUMIFS(Raw_data!$C$2:$C$3001,Raw_data!$A$2:$A$3001,$B23,Raw_data!$D$2:$D$3001,"FP",Raw_data!$F$2:$F$3001,D$4)) | E23: =IF($B23="","",SUMIFS(Raw_data!$C$2:$C$3001,Raw_data!$A$2:$A$3001,$B23,Raw_data!$D$2:$D$3001,"FP",Raw_data!$F$2:$F$3001,E$4)) | F23: =IF($B23="","",SUMIFS(Raw_data!$C$2:$C$3001,Raw_data!$A$2:$A$3001,$B23,Raw_data!$D$2:$D$3001,"FP",Raw_data!$F$2:$F$3001,F$4)) | G23: =IF($B23="","",SUMIFS(Raw_data!$C$2:$C$3001,Raw_data!$A$2:$A$3001,$B23,Raw_data!$D$2:$D$3001,"FP",Raw_data!$F$2:$F$3001,G$4)) | H23: =IF($B23="","",SUMIFS(Raw_data!$C$2:$C$3001,Raw_data!$A$2:$A$3001,$B23,Raw_data!$D$2:$D$3001,"FP",Raw_data!$F$2:$F$3001,H$4)) | I23: =IF($B23="","",AVERAGE(C23:H23)) | K23: =IF(OR($B23="",$I23=0),"",C23/$I23) | L23: =IF(OR($B23="",$I23=0),"",D23/$I23) | M23: =IF(OR($B23="",$I23=0),"",E23/$I23) | N23: =IF(OR($B23="",$I23=0),"",F23/$I23) | O23: =IF(OR($B23="",$I23=0),"",G23/$I23) | P23: =IF(OR($B23="",$I23=0),"",H23/$I23) | Q23: =IF($B23="","",IFERROR(INDEX(Stability!$O$5:$O$154,MATCH($B23,Summary!$A$5:$A$154,0)),""))
A24: =IF(B24="","",20) | B24: =IF(Pareto!B35="","",Pareto!B35) | C24: =IF($B24="","",SUMIFS(Raw_data!$C$2:$C$3001,Raw_data!$A$2:$A$3001,$B24,Raw_data!$D$2:$D$3001,"FP",Raw_data!$F$2:$F$3001,C$4)) | D24: =IF($B24="","",SUMIFS(Raw_data!$C$2:$C$3001,Raw_data!$A$2:$A$3001,$B24,Raw_data!$D$2:$D$3001,"FP",Raw_data!$F$2:$F$3001,D$4)) | E24: =IF($B24="","",SUMIFS(Raw_data!$C$2:$C$3001,Raw_data!$A$2:$A$3001,$B24,Raw_data!$D$2:$D$3001,"FP",Raw_data!$F$2:$F$3001,E$4)) | F24: =IF($B24="","",SUMIFS(Raw_data!$C$2:$C$3001,Raw_data!$A$2:$A$3001,$B24,Raw_data!$D$2:$D$3001,"FP",Raw_data!$F$2:$F$3001,F$4)) | G24: =IF($B24="","",SUMIFS(Raw_data!$C$2:$C$3001,Raw_data!$A$2:$A$3001,$B24,Raw_data!$D$2:$D$3001,"FP",Raw_data!$F$2:$F$3001,G$4)) | H24: =IF($B24="","",SUMIFS(Raw_data!$C$2:$C$3001,Raw_data!$A$2:$A$3001,$B24,Raw_data!$D$2:$D$3001,"FP",Raw_data!$F$2:$F$3001,H$4)) | I24: =IF($B24="","",AVERAGE(C24:H24)) | K24: =IF(OR($B24="",$I24=0),"",C24/$I24) | L24: =IF(OR($B24="",$I24=0),"",D24/$I24) | M24: =IF(OR($B24="",$I24=0),"",E24/$I24) | N24: =IF(OR($B24="",$I24=0),"",F24/$I24) | O24: =IF(OR($B24="",$I24=0),"",G24/$I24) | P24: =IF(OR($B24="",$I24=0),"",H24/$I24) | Q24: =IF($B24="","",IFERROR(INDEX(Stability!$O$5:$O$154,MATCH($B24,Summary!$A$5:$A$154,0)),""))
A25: =IF(B25="","",21) | B25: =IF(Pareto!B36="","",Pareto!B36) | C25: =IF($B25="","",SUMIFS(Raw_data!$C$2:$C$3001,Raw_data!$A$2:$A$3001,$B25,Raw_data!$D$2:$D$3001,"FP",Raw_data!$F$2:$F$3001,C$4)) | D25: =IF($B25="","",SUMIFS(Raw_data!$C$2:$C$3001,Raw_data!$A$2:$A$3001,$B25,Raw_data!$D$2:$D$3001,"FP",Raw_data!$F$2:$F$3001,D$4)) | E25: =IF($B25="","",SUMIFS(Raw_data!$C$2:$C$3001,Raw_data!$A$2:$A$3001,$B25,Raw_data!$D$2:$D$3001,"FP",Raw_data!$F$2:$F$3001,E$4)) | F25: =IF($B25="","",SUMIFS(Raw_data!$C$2:$C$3001,Raw_data!$A$2:$A$3001,$B25,Raw_data!$D$2:$D$3001,"FP",Raw_data!$F$2:$F$3001,F$4)) | G25: =IF($B25="","",SUMIFS(Raw_data!$C$2:$C$3001,Raw_data!$A$2:$A$3001,$B25,Raw_data!$D$2:$D$3001,"FP",Raw_data!$F$2:$F$3001,G$4)) | H25: =IF($B25="","",SUMIFS(Raw_data!$C$2:$C$3001,Raw_data!$A$2:$A$3001,$B25,Raw_data!$D$2:$D$3001,"FP",Raw_data!$F$2:$F$3001,H$4)) | I25: =IF($B25="","",AVERAGE(C25:H25)) | K25: =IF(OR($B25="",$I25=0),"",C25/$I25) | L25: =IF(OR($B25="",$I25=0),"",D25/$I25) | M25: =IF(OR($B25="",$I25=0),"",E25/$I25) | N25: =IF(OR($B25="",$I25=0),"",F25/$I25) | O25: =IF(OR($B25="",$I25=0),"",G25/$I25) | P25: =IF(OR($B25="",$I25=0),"",H25/$I25) | Q25: =IF($B25="","",IFERROR(INDEX(Stability!$O$5:$O$154,MATCH($B25,Summary!$A$5:$A$154,0)),""))
A26: =IF(B26="","",22) | B26: =IF(Pareto!B37="","",Pareto!B37) | C26: =IF($B26="","",SUMIFS(Raw_data!$C$2:$C$3001,Raw_data!$A$2:$A$3001,$B26,Raw_data!$D$2:$D$3001,"FP",Raw_data!$F$2:$F$3001,C$4)) | D26: =IF($B26="","",SUMIFS(Raw_data!$C$2:$C$3001,Raw_data!$A$2:$A$3001,$B26,Raw_data!$D$2:$D$3001,"FP",Raw_data!$F$2:$F$3001,D$4)) | E26: =IF($B26="","",SUMIFS(Raw_data!$C$2:$C$3001,Raw_data!$A$2:$A$3001,$B26,Raw_data!$D$2:$D$3001,"FP",Raw_data!$F$2:$F$3001,E$4)) | F26: =IF($B26="","",SUMIFS(Raw_data!$C$2:$C$3001,Raw_data!$A$2:$A$3001,$B26,Raw_data!$D$2:$D$3001,"FP",Raw_data!$F$2:$F$3001,F$4)) | G26: =IF($B26="","",SUMIFS(Raw_data!$C$2:$C$3001,Raw_data!$A$2:$A$3001,$B26,Raw_data!$D$2:$D$3001,"FP",Raw_data!$F$2:$F$3001,G$4)) | H26: =IF($B26="","",SUMIFS(Raw_data!$C$2:$C$3001,Raw_data!$A$2:$A$3001,$B26,Raw_data!$D$2:$D$3001,"FP",Raw_data!$F$2:$F$3001,H$4)) | I26: =IF($B26="","",AVERAGE(C26:H26)) | K26: =IF(OR($B26="",$I26=0),"",C26/$I26) | L26: =IF(OR($B26="",$I26=0),"",D26/$I26) | M26: =IF(OR($B26="",$I26=0),"",E26/$I26) | N26: =IF(OR($B26="",$I26=0),"",F26/$I26) | O26: =IF(OR($B26="",$I26=0),"",G26/$I26) | P26: =IF(OR($B26="",$I26=0),"",H26/$I26) | Q26: =IF($B26="","",IFERROR(INDEX(Stability!$O$5:$O$154,MATCH($B26,Summary!$A$5:$A$154,0)),""))
A27: =IF(B27="","",23) | B27: =IF(Pareto!B38="","",Pareto!B38) | C27: =IF($B27="","",SUMIFS(Raw_data!$C$2:$C$3001,Raw_data!$A$2:$A$3001,$B27,Raw_data!$D$2:$D$3001,"FP",Raw_data!$F$2:$F$3001,C$4)) | D27: =IF($B27="","",SUMIFS(Raw_data!$C$2:$C$3001,Raw_data!$A$2:$A$3001,$B27,Raw_data!$D$2:$D$3001,"FP",Raw_data!$F$2:$F$3001,D$4)) | E27: =IF($B27="","",SUMIFS(Raw_data!$C$2:$C$3001,Raw_data!$A$2:$A$3001,$B27,Raw_data!$D$2:$D$3001,"FP",Raw_data!$F$2:$F$3001,E$4)) | F27: =IF($B27="","",SUMIFS(Raw_data!$C$2:$C$3001,Raw_data!$A$2:$A$3001,$B27,Raw_data!$D$2:$D$3001,"FP",Raw_data!$F$2:$F$3001,F$4)) | G27: =IF($B27="","",SUMIFS(Raw_data!$C$2:$C$3001,Raw_data!$A$2:$A$3001,$B27,Raw_data!$D$2:$D$3001,"FP",Raw_data!$F$2:$F$3001,G$4)) | H27: =IF($B27="","",SUMIFS(Raw_data!$C$2:$C$3001,Raw_data!$A$2:$A$3001,$B27,Raw_data!$D$2:$D$3001,"FP",Raw_data!$F$2:$F$3001,H$4)) | I27: =IF($B27="","",AVERAGE(C27:H27)) | K27: =IF(OR($B27="",$I27=0),"",C27/$I27) | L27: =IF(OR($B27="",$I27=0),"",D27/$I27) | M27: =IF(OR($B27="",$I27=0),"",E27/$I27) | N27: =IF(OR($B27="",$I27=0),"",F27/$I27) | O27: =IF(OR($B27="",$I27=0),"",G27/$I27) | P27: =IF(OR($B27="",$I27=0),"",H27/$I27) | Q27: =IF($B27="","",IFERROR(INDEX(Stability!$O$5:$O$154,MATCH($B27,Summary!$A$5:$A$154,0)),""))
A28: =IF(B28="","",24) | B28: =IF(Pareto!B39="","",Pareto!B39) | C28: =IF($B28="","",SUMIFS(Raw_data!$C$2:$C$3001,Raw_data!$A$2:$A$3001,$B28,Raw_data!$D$2:$D$3001,"FP",Raw_data!$F$2:$F$3001,C$4)) | D28: =IF($B28="","",SUMIFS(Raw_data!$C$2:$C$3001,Raw_data!$A$2:$A$3001,$B28,Raw_data!$D$2:$D$3001,"FP",Raw_data!$F$2:$F$3001,D$4)) | E28: =IF($B28="","",SUMIFS(Raw_data!$C$2:$C$3001,Raw_data!$A$2:$A$3001,$B28,Raw_data!$D$2:$D$3001,"FP",Raw_data!$F$2:$F$3001,E$4)) | F28: =IF($B28="","",SUMIFS(Raw_data!$C$2:$C$3001,Raw_data!$A$2:$A$3001,$B28,Raw_data!$D$2:$D$3001,"FP",Raw_data!$F$2:$F$3001,F$4)) | G28: =IF($B28="","",SUMIFS(Raw_data!$C$2:$C$3001,Raw_data!$A$2:$A$3001,$B28,Raw_data!$D$2:$D$3001,"FP",Raw_data!$F$2:$F$3001,G$4)) | H28: =IF($B28="","",SUMIFS(Raw_data!$C$2:$C$3001,Raw_data!$A$2:$A$3001,$B28,Raw_data!$D$2:$D$3001,"FP",Raw_data!$F$2:$F$3001,H$4)) | I28: =IF($B28="","",AVERAGE(C28:H28)) | K28: =IF(OR($B28="",$I28=0),"",C28/$I28) | L28: =IF(OR($B28="",$I28=0),"",D28/$I28) | M28: =IF(OR($B28="",$I28=0),"",E28/$I28) | N28: =IF(OR($B28="",$I28=0),"",F28/$I28) | O28: =IF(OR($B28="",$I28=0),"",G28/$I28) | P28: =IF(OR($B28="",$I28=0),"",H28/$I28) | Q28: =IF($B28="","",IFERROR(INDEX(Stability!$O$5:$O$154,MATCH($B28,Summary!$A$5:$A$154,0)),""))
A29: =IF(B29="","",25) | B29: =IF(Pareto!B40="","",Pareto!B40) | C29: =IF($B29="","",SUMIFS(Raw_data!$C$2:$C$3001,Raw_data!$A$2:$A$3001,$B29,Raw_data!$D$2:$D$3001,"FP",Raw_data!$F$2:$F$3001,C$4)) | D29: =IF($B29="","",SUMIFS(Raw_data!$C$2:$C$3001,Raw_data!$A$2:$A$3001,$B29,Raw_data!$D$2:$D$3001,"FP",Raw_data!$F$2:$F$3001,D$4)) | E29: =IF($B29="","",SUMIFS(Raw_data!$C$2:$C$3001,Raw_data!$A$2:$A$3001,$B29,Raw_data!$D$2:$D$3001,"FP",Raw_data!$F$2:$F$3001,E$4)) | F29: =IF($B29="","",SUMIFS(Raw_data!$C$2:$C$3001,Raw_data!$A$2:$A$3001,$B29,Raw_data!$D$2:$D$3001,"FP",Raw_data!$F$2:$F$3001,F$4)) | G29: =IF($B29="","",SUMIFS(Raw_data!$C$2:$C$3001,Raw_data!$A$2:$A$3001,$B29,Raw_data!$D$2:$D$3001,"FP",Raw_data!$F$2:$F$3001,G$4)) | H29: =IF($B29="","",SUMIFS(Raw_data!$C$2:$C$3001,Raw_data!$A$2:$A$3001,$B29,Raw_data!$D$2:$D$3001,"FP",Raw_data!$F$2:$F$3001,H$4)) | I29: =IF($B29="","",AVERAGE(C29:H29)) | K29: =IF(OR($B29="",$I29=0),"",C29/$I29) | L29: =IF(OR($B29="",$I29=0),"",D29/$I29) | M29: =IF(OR($B29="",$I29=0),"",E29/$I29) | N29: =IF(OR($B29="",$I29=0),"",F29/$I29) | O29: =IF(OR($B29="",$I29=0),"",G29/$I29) | P29: =IF(OR($B29="",$I29=0),"",H29/$I29) | Q29: =IF($B29="","",IFERROR(INDEX(Stability!$O$5:$O$154,MATCH($B29,Summary!$A$5:$A$154,0)),""))
A30: =IF(B30="","",26) | B30: =IF(Pareto!B41="","",Pareto!B41) | C30: =IF($B30="","",SUMIFS(Raw_data!$C$2:$C$3001,Raw_data!$A$2:$A$3001,$B30,Raw_data!$D$2:$D$3001,"FP",Raw_data!$F$2:$F$3001,C$4)) | D30: =IF($B30="","",SUMIFS(Raw_data!$C$2:$C$3001,Raw_data!$A$2:$A$3001,$B30,Raw_data!$D$2:$D$3001,"FP",Raw_data!$F$2:$F$3001,D$4)) | E30: =IF($B30="","",SUMIFS(Raw_data!$C$2:$C$3001,Raw_data!$A$2:$A$3001,$B30,Raw_data!$D$2:$D$3001,"FP",Raw_data!$F$2:$F$3001,E$4)) | F30: =IF($B30="","",SUMIFS(Raw_data!$C$2:$C$3001,Raw_data!$A$2:$A$3001,$B30,Raw_data!$D$2:$D$3001,"FP",Raw_data!$F$2:$F$3001,F$4)) | G30: =IF($B30="","",SUMIFS(Raw_data!$C$2:$C$3001,Raw_data!$A$2:$A$3001,$B30,Raw_data!$D$2:$D$3001,"FP",Raw_data!$F$2:$F$3001,G$4)) | H30: =IF($B30="","",SUMIFS(Raw_data!$C$2:$C$3001,Raw_data!$A$2:$A$3001,$B30,Raw_data!$D$2:$D$3001,"FP",Raw_data!$F$2:$F$3001,H$4)) | I30: =IF($B30="","",AVERAGE(C30:H30)) | K30: =IF(OR($B30="",$I30=0),"",C30/$I30) | L30: =IF(OR($B30="",$I30=0),"",D30/$I30) | M30: =IF(OR($B30="",$I30=0),"",E30/$I30) | N30: =IF(OR($B30="",$I30=0),"",F30/$I30) | O30: =IF(OR($B30="",$I30=0),"",G30/$I30) | P30: =IF(OR($B30="",$I30=0),"",H30/$I30) | Q30: =IF($B30="","",IFERROR(INDEX(Stability!$O$5:$O$154,MATCH($B30,Summary!$A$5:$A$154,0)),""))
A31: =IF(B31="","",27) | B31: =IF(Pareto!B42="","",Pareto!B42) | C31: =IF($B31="","",SUMIFS(Raw_data!$C$2:$C$3001,Raw_data!$A$2:$A$3001,$B31,Raw_data!$D$2:$D$3001,"FP",Raw_data!$F$2:$F$3001,C$4)) | D31: =IF($B31="","",SUMIFS(Raw_data!$C$2:$C$3001,Raw_data!$A$2:$A$3001,$B31,Raw_data!$D$2:$D$3001,"FP",Raw_data!$F$2:$F$3001,D$4)) | E31: =IF($B31="","",SUMIFS(Raw_data!$C$2:$C$3001,Raw_data!$A$2:$A$3001,$B31,Raw_data!$D$2:$D$3001,"FP",Raw_data!$F$2:$F$3001,E$4)) | F31: =IF($B31="","",SUMIFS(Raw_data!$C$2:$C$3001,Raw_data!$A$2:$A$3001,$B31,Raw_data!$D$2:$D$3001,"FP",Raw_data!$F$2:$F$3001,F$4)) | G31: =IF($B31="","",SUMIFS(Raw_data!$C$2:$C$3001,Raw_data!$A$2:$A$3001,$B31,Raw_data!$D$2:$D$3001,"FP",Raw_data!$F$2:$F$3001,G$4)) | H31: =IF($B31="","",SUMIFS(Raw_data!$C$2:$C$3001,Raw_data!$A$2:$A$3001,$B31,Raw_data!$D$2:$D$3001,"FP",Raw_data!$F$2:$F$3001,H$4)) | I31: =IF($B31="","",AVERAGE(C31:H31)) | K31: =IF(OR($B31="",$I31=0),"",C31/$I31) | L31: =IF(OR($B31="",$I31=0),"",D31/$I31) | M31: =IF(OR($B31="",$I31=0),"",E31/$I31) | N31: =IF(OR($B31="",$I31=0),"",F31/$I31) | O31: =IF(OR($B31="",$I31=0),"",G31/$I31) | P31: =IF(OR($B31="",$I31=0),"",H31/$I31) | Q31: =IF($B31="","",IFERROR(INDEX(Stability!$O$5:$O$154,MATCH($B31,Summary!$A$5:$A$154,0)),""))
A32: =IF(B32="","",28) | B32: =IF(Pareto!B43="","",Pareto!B43) | C32: =IF($B32="","",SUMIFS(Raw_data!$C$2:$C$3001,Raw_data!$A$2:$A$3001,$B32,Raw_data!$D$2:$D$3001,"FP",Raw_data!$F$2:$F$3001,C$4)) | D32: =IF($B32="","",SUMIFS(Raw_data!$C$2:$C$3001,Raw_data!$A$2:$A$3001,$B32,Raw_data!$D$2:$D$3001,"FP",Raw_data!$F$2:$F$3001,D$4)) | E32: =IF($B32="","",SUMIFS(Raw_data!$C$2:$C$3001,Raw_data!$A$2:$A$3001,$B32,Raw_data!$D$2:$D$3001,"FP",Raw_data!$F$2:$F$3001,E$4)) | F32: =IF($B32="","",SUMIFS(Raw_data!$C$2:$C$3001,Raw_data!$A$2:$A$3001,$B32,Raw_data!$D$2:$D$3001,"FP",Raw_data!$F$2:$F$3001,F$4)) | G32: =IF($B32="","",SUMIFS(Raw_data!$C$2:$C$3001,Raw_data!$A$2:$A$3001,$B32,Raw_data!$D$2:$D$3001,"FP",Raw_data!$F$2:$F$3001,G$4)) | H32: =IF($B32="","",SUMIFS(Raw_data!$C$2:$C$3001,Raw_data!$A$2:$A$3001,$B32,Raw_data!$D$2:$D$3001,"FP",Raw_data!$F$2:$F$3001,H$4)) | I32: =IF($B32="","",AVERAGE(C32:H32)) | K32: =IF(OR($B32="",$I32=0),"",C32/$I32) | L32: =IF(OR($B32="",$I32=0),"",D32/$I32) | M32: =IF(OR($B32="",$I32=0),"",E32/$I32) | N32: =IF(OR($B32="",$I32=0),"",F32/$I32) | O32: =IF(OR($B32="",$I32=0),"",G32/$I32) | P32: =IF(OR($B32="",$I32=0),"",H32/$I32) | Q32: =IF($B32="","",IFERROR(INDEX(Stability!$O$5:$O$154,MATCH($B32,Summary!$A$5:$A$154,0)),""))
A33: =IF(B33="","",29) | B33: =IF(Pareto!B44="","",Pareto!B44) | C33: =IF($B33="","",SUMIFS(Raw_data!$C$2:$C$3001,Raw_data!$A$2:$A$3001,$B33,Raw_data!$D$2:$D$3001,"FP",Raw_data!$F$2:$F$3001,C$4)) | D33: =IF($B33="","",SUMIFS(Raw_data!$C$2:$C$3001,Raw_data!$A$2:$A$3001,$B33,Raw_data!$D$2:$D$3001,"FP",Raw_data!$F$2:$F$3001,D$4)) | E33: =IF($B33="","",SUMIFS(Raw_data!$C$2:$C$3001,Raw_data!$A$2:$A$3001,$B33,Raw_data!$D$2:$D$3001,"FP",Raw_data!$F$2:$F$3001,E$4)) | F33: =IF($B33="","",SUMIFS(Raw_data!$C$2:$C$3001,Raw_data!$A$2:$A$3001,$B33,Raw_data!$D$2:$D$3001,"FP",Raw_data!$F$2:$F$3001,F$4)) | G33: =IF($B33="","",SUMIFS(Raw_data!$C$2:$C$3001,Raw_data!$A$2:$A$3001,$B33,Raw_data!$D$2:$D$3001,"FP",Raw_data!$F$2:$F$3001,G$4)) | H33: =IF($B33="","",SUMIFS(Raw_data!$C$2:$C$3001,Raw_data!$A$2:$A$3001,$B33,Raw_data!$D$2:$D$3001,"FP",Raw_data!$F$2:$F$3001,H$4)) | I33: =IF($B33="","",AVERAGE(C33:H33)) | K33: =IF(OR($B33="",$I33=0),"",C33/$I33) | L33: =IF(OR($B33="",$I33=0),"",D33/$I33) | M33: =IF(OR($B33="",$I33=0),"",E33/$I33) | N33: =IF(OR($B33="",$I33=0),"",F33/$I33) | O33: =IF(OR($B33="",$I33=0),"",G33/$I33) | P33: =IF(OR($B33="",$I33=0),"",H33/$I33) | Q33: =IF($B33="","",IFERROR(INDEX(Stability!$O$5:$O$154,MATCH($B33,Summary!$A$5:$A$154,0)),""))
A34: =IF(B34="","",30) | B34: =IF(Pareto!B45="","",Pareto!B45) | C34: =IF($B34="","",SUMIFS(Raw_data!$C$2:$C$3001,Raw_data!$A$2:$A$3001,$B34,Raw_data!$D$2:$D$3001,"FP",Raw_data!$F$2:$F$3001,C$4)) | D34: =IF($B34="","",SUMIFS(Raw_data!$C$2:$C$3001,Raw_data!$A$2:$A$3001,$B34,Raw_data!$D$2:$D$3001,"FP",Raw_data!$F$2:$F$3001,D$4)) | E34: =IF($B34="","",SUMIFS(Raw_data!$C$2:$C$3001,Raw_data!$A$2:$A$3001,$B34,Raw_data!$D$2:$D$3001,"FP",Raw_data!$F$2:$F$3001,E$4)) | F34: =IF($B34="","",SUMIFS(Raw_data!$C$2:$C$3001,Raw_data!$A$2:$A$3001,$B34,Raw_data!$D$2:$D$3001,"FP",Raw_data!$F$2:$F$3001,F$4)) | G34: =IF($B34="","",SUMIFS(Raw_data!$C$2:$C$3001,Raw_data!$A$2:$A$3001,$B34,Raw_data!$D$2:$D$3001,"FP",Raw_data!$F$2:$F$3001,G$4)) | H34: =IF($B34="","",SUMIFS(Raw_data!$C$2:$C$3001,Raw_data!$A$2:$A$3001,$B34,Raw_data!$D$2:$D$3001,"FP",Raw_data!$F$2:$F$3001,H$4)) | I34: =IF($B34="","",AVERAGE(C34:H34)) | K34: =IF(OR($B34="",$I34=0),"",C34/$I34) | L34: =IF(OR($B34="",$I34=0),"",D34/$I34) | M34: =IF(OR($B34="",$I34=0),"",E34/$I34) | N34: =IF(OR($B34="",$I34=0),"",F34/$I34) | O34: =IF(OR($B34="",$I34=0),"",G34/$I34) | P34: =IF(OR($B34="",$I34=0),"",H34/$I34) | Q34: =IF($B34="","",IFERROR(INDEX(Stability!$O$5:$O$154,MATCH($B34,Summary!$A$5:$A$154,0)),""))
A35: =IF(B35="","",31) | B35: =IF(Pareto!B46="","",Pareto!B46) | C35: =IF($B35="","",SUMIFS(Raw_data!$C$2:$C$3001,Raw_data!$A$2:$A$3001,$B35,Raw_data!$D$2:$D$3001,"FP",Raw_data!$F$2:$F$3001,C$4)) | D35: =IF($B35="","",SUMIFS(Raw_data!$C$2:$C$3001,Raw_data!$A$2:$A$3001,$B35,Raw_data!$D$2:$D$3001,"FP",Raw_data!$F$2:$F$3001,D$4)) | E35: =IF($B35="","",SUMIFS(Raw_data!$C$2:$C$3001,Raw_data!$A$2:$A$3001,$B35,Raw_data!$D$2:$D$3001,"FP",Raw_data!$F$2:$F$3001,E$4)) | F35: =IF($B35="","",SUMIFS(Raw_data!$C$2:$C$3001,Raw_data!$A$2:$A$3001,$B35,Raw_data!$D$2:$D$3001,"FP",Raw_data!$F$2:$F$3001,F$4)) | G35: =IF($B35="","",SUMIFS(Raw_data!$C$2:$C$3001,Raw_data!$A$2:$A$3001,$B35,Raw_data!$D$2:$D$3001,"FP",Raw_data!$F$2:$F$3001,G$4)) | H35: =IF($B35="","",SUMIFS(Raw_data!$C$2:$C$3001,Raw_data!$A$2:$A$3001,$B35,Raw_data!$D$2:$D$3001,"FP",Raw_data!$F$2:$F$3001,H$4)) | I35: =IF($B35="","",AVERAGE(C35:H35)) | K35: =IF(OR($B35="",$I35=0),"",C35/$I35) | L35: =IF(OR($B35="",$I35=0),"",D35/$I35) | M35: =IF(OR($B35="",$I35=0),"",E35/$I35) | N35: =IF(OR($B35="",$I35=0),"",F35/$I35) | O35: =IF(OR($B35="",$I35=0),"",G35/$I35) | P35: =IF(OR($B35="",$I35=0),"",H35/$I35) | Q35: =IF($B35="","",IFERROR(INDEX(Stability!$O$5:$O$154,MATCH($B35,Summary!$A$5:$A$154,0)),""))
A36: =IF(B36="","",32) | B36: =IF(Pareto!B47="","",Pareto!B47) | C36: =IF($B36="","",SUMIFS(Raw_data!$C$2:$C$3001,Raw_data!$A$2:$A$3001,$B36,Raw_data!$D$2:$D$3001,"FP",Raw_data!$F$2:$F$3001,C$4)) | D36: =IF($B36="","",SUMIFS(Raw_data!$C$2:$C$3001,Raw_data!$A$2:$A$3001,$B36,Raw_data!$D$2:$D$3001,"FP",Raw_data!$F$2:$F$3001,D$4)) | E36: =IF($B36="","",SUMIFS(Raw_data!$C$2:$C$3001,Raw_data!$A$2:$A$3001,$B36,Raw_data!$D$2:$D$3001,"FP",Raw_data!$F$2:$F$3001,E$4)) | F36: =IF($B36="","",SUMIFS(Raw_data!$C$2:$C$3001,Raw_data!$A$2:$A$3001,$B36,Raw_data!$D$2:$D$3001,"FP",Raw_data!$F$2:$F$3001,F$4)) | G36: =IF($B36="","",SUMIFS(Raw_data!$C$2:$C$3001,Raw_data!$A$2:$A$3001,$B36,Raw_data!$D$2:$D$3001,"FP",Raw_data!$F$2:$F$3001,G$4)) | H36: =IF($B36="","",SUMIFS(Raw_data!$C$2:$C$3001,Raw_data!$A$2:$A$3001,$B36,Raw_data!$D$2:$D$3001,"FP",Raw_data!$F$2:$F$3001,H$4)) | I36: =IF($B36="","",AVERAGE(C36:H36)) | K36: =IF(OR($B36="",$I36=0),"",C36/$I36) | L36: =IF(OR($B36="",$I36=0),"",D36/$I36) | M36: =IF(OR($B36="",$I36=0),"",E36/$I36) | N36: =IF(OR($B36="",$I36=0),"",F36/$I36) | O36: =IF(OR($B36="",$I36=0),"",G36/$I36) | P36: =IF(OR($B36="",$I36=0),"",H36/$I36) | Q36: =IF($B36="","",IFERROR(INDEX(Stability!$O$5:$O$154,MATCH($B36,Summary!$A$5:$A$154,0)),""))
A37: =IF(B37="","",33) | B37: =IF(Pareto!B48="","",Pareto!B48) | C37: =IF($B37="","",SUMIFS(Raw_data!$C$2:$C$3001,Raw_data!$A$2:$A$3001,$B37,Raw_data!$D$2:$D$3001,"FP",Raw_data!$F$2:$F$3001,C$4)) | D37: =IF($B37="","",SUMIFS(Raw_data!$C$2:$C$3001,Raw_data!$A$2:$A$3001,$B37,Raw_data!$D$2:$D$3001,"FP",Raw_data!$F$2:$F$3001,D$4)) | E37: =IF($B37="","",SUMIFS(Raw_data!$C$2:$C$3001,Raw_data!$A$2:$A$3001,$B37,Raw_data!$D$2:$D$3001,"FP",Raw_data!$F$2:$F$3001,E$4)) | F37: =IF($B37="","",SUMIFS(Raw_data!$C$2:$C$3001,Raw_data!$A$2:$A$3001,$B37,Raw_data!$D$2:$D$3001,"FP",Raw_data!$F$2:$F$3001,F$4)) | G37: =IF($B37="","",SUMIFS(Raw_data!$C$2:$C$3001,Raw_data!$A$2:$A$3001,$B37,Raw_data!$D$2:$D$3001,"FP",Raw_data!$F$2:$F$3001,G$4)) | H37: =IF($B37="","",SUMIFS(Raw_data!$C$2:$C$3001,Raw_data!$A$2:$A$3001,$B37,Raw_data!$D$2:$D$3001,"FP",Raw_data!$F$2:$F$3001,H$4)) | I37: =IF($B37="","",AVERAGE(C37:H37)) | K37: =IF(OR($B37="",$I37=0),"",C37/$I37) | L37: =IF(OR($B37="",$I37=0),"",D37/$I37) | M37: =IF(OR($B37="",$I37=0),"",E37/$I37) | N37: =IF(OR($B37="",$I37=0),"",F37/$I37) | O37: =IF(OR($B37="",$I37=0),"",G37/$I37) | P37: =IF(OR($B37="",$I37=0),"",H37/$I37) | Q37: =IF($B37="","",IFERROR(INDEX(Stability!$O$5:$O$154,MATCH($B37,Summary!$A$5:$A$154,0)),""))
A38: =IF(B38="","",34) | B38: =IF(Pareto!B49="","",Pareto!B49) | C38: =IF($B38="","",SUMIFS(Raw_data!$C$2:$C$3001,Raw_data!$A$2:$A$3001,$B38,Raw_data!$D$2:$D$3001,"FP",Raw_data!$F$2:$F$3001,C$4)) | D38: =IF($B38="","",SUMIFS(Raw_data!$C$2:$C$3001,Raw_data!$A$2:$A$3001,$B38,Raw_data!$D$2:$D$3001,"FP",Raw_data!$F$2:$F$3001,D$4)) | E38: =IF($B38="","",SUMIFS(Raw_data!$C$2:$C$3001,Raw_data!$A$2:$A$3001,$B38,Raw_data!$D$2:$D$3001,"FP",Raw_data!$F$2:$F$3001,E$4)) | F38: =IF($B38="","",SUMIFS(Raw_data!$C$2:$C$3001,Raw_data!$A$2:$A$3001,$B38,Raw_data!$D$2:$D$3001,"FP",Raw_data!$F$2:$F$3001,F$4)) | G38: =IF($B38="","",SUMIFS(Raw_data!$C$2:$C$3001,Raw_data!$A$2:$A$3001,$B38,Raw_data!$D$2:$D$3001,"FP",Raw_data!$F$2:$F$3001,G$4)) | H38: =IF($B38="","",SUMIFS(Raw_data!$C$2:$C$3001,Raw_data!$A$2:$A$3001,$B38,Raw_data!$D$2:$D$3001,"FP",Raw_data!$F$2:$F$3001,H$4)) | I38: =IF($B38="","",AVERAGE(C38:H38)) | K38: =IF(OR($B38="",$I38=0),"",C38/$I38) | L38: =IF(OR($B38="",$I38=0),"",D38/$I38) | M38: =IF(OR($B38="",$I38=0),"",E38/$I38) | N38: =IF(OR($B38="",$I38=0),"",F38/$I38) | O38: =IF(OR($B38="",$I38=0),"",G38/$I38) | P38: =IF(OR($B38="",$I38=0),"",H38/$I38) | Q38: =IF($B38="","",IFERROR(INDEX(Stability!$O$5:$O$154,MATCH($B38,Summary!$A$5:$A$154,0)),""))
A39: =IF(B39="","",35) | B39: =IF(Pareto!B50="","",Pareto!B50) | C39: =IF($B39="","",SUMIFS(Raw_data!$C$2:$C$3001,Raw_data!$A$2:$A$3001,$B39,Raw_data!$D$2:$D$3001,"FP",Raw_data!$F$2:$F$3001,C$4)) | D39: =IF($B39="","",SUMIFS(Raw_data!$C$2:$C$3001,Raw_data!$A$2:$A$3001,$B39,Raw_data!$D$2:$D$3001,"FP",Raw_data!$F$2:$F$3001,D$4)) | E39: =IF($B39="","",SUMIFS(Raw_data!$C$2:$C$3001,Raw_data!$A$2:$A$3001,$B39,Raw_data!$D$2:$D$3001,"FP",Raw_data!$F$2:$F$3001,E$4)) | F39: =IF($B39="","",SUMIFS(Raw_data!$C$2:$C$3001,Raw_data!$A$2:$A$3001,$B39,Raw_data!$D$2:$D$3001,"FP",Raw_data!$F$2:$F$3001,F$4)) | G39: =IF($B39="","",SUMIFS(Raw_data!$C$2:$C$3001,Raw_data!$A$2:$A$3001,$B39,Raw_data!$D$2:$D$3001,"FP",Raw_data!$F$2:$F$3001,G$4)) | H39: =IF($B39="","",SUMIFS(Raw_data!$C$2:$C$3001,Raw_data!$A$2:$A$3001,$B39,Raw_data!$D$2:$D$3001,"FP",Raw_data!$F$2:$F$3001,H$4)) | I39: =IF($B39="","",AVERAGE(C39:H39)) | K39: =IF(OR($B39="",$I39=0),"",C39/$I39) | L39: =IF(OR($B39="",$I39=0),"",D39/$I39) | M39: =IF(OR($B39="",$I39=0),"",E39/$I39) | N39: =IF(OR($B39="",$I39=0),"",F39/$I39) | O39: =IF(OR($B39="",$I39=0),"",G39/$I39) | P39: =IF(OR($B39="",$I39=0),"",H39/$I39) | Q39: =IF($B39="","",IFERROR(INDEX(Stability!$O$5:$O$154,MATCH($B39,Summary!$A$5:$A$154,0)),""))
A40: =IF(B40="","",36) | B40: =IF(Pareto!B51="","",Pareto!B51) | C40: =IF($B40="","",SUMIFS(Raw_data!$C$2:$C$3001,Raw_data!$A$2:$A$3001,$B40,Raw_data!$D$2:$D$3001,"FP",Raw_data!$F$2:$F$3001,C$4)) | D40: =IF($B40="","",SUMIFS(Raw_data!$C$2:$C$3001,Raw_data!$A$2:$A$3001,$B40,Raw_data!$D$2:$D$3001,"FP",Raw_data!$F$2:$F$3001,D$4)) | E40: =IF($B40="","",SUMIFS(Raw_data!$C$2:$C$3001,Raw_data!$A$2:$A$3001,$B40,Raw_data!$D$2:$D$3001,"FP",Raw_data!$F$2:$F$3001,E$4)) | F40: =IF($B40="","",SUMIFS(Raw_data!$C$2:$C$3001,Raw_data!$A$2:$A$3001,$B40,Raw_data!$D$2:$D$3001,"FP",Raw_data!$F$2:$F$3001,F$4)) | G40: =IF($B40="","",SUMIFS(Raw_data!$C$2:$C$3001,Raw_data!$A$2:$A$3001,$B40,Raw_data!$D$2:$D$3001,"FP",Raw_data!$F$2:$F$3001,G$4)) | H40: =IF($B40="","",SUMIFS(Raw_data!$C$2:$C$3001,Raw_data!$A$2:$A$3001,$B40,Raw_data!$D$2:$D$3001,"FP",Raw_data!$F$2:$F$3001,H$4)) | I40: =IF($B40="","",AVERAGE(C40:H40)) | K40: =IF(OR($B40="",$I40=0),"",C40/$I40) | L40: =IF(OR($B40="",$I40=0),"",D40/$I40) | M40: =IF(OR($B40="",$I40=0),"",E40/$I40) | N40: =IF(OR($B40="",$I40=0),"",F40/$I40) | O40: =IF(OR($B40="",$I40=0),"",G40/$I40) | P40: =IF(OR($B40="",$I40=0),"",H40/$I40) | Q40: =IF($B40="","",IFERROR(INDEX(Stability!$O$5:$O$154,MATCH($B40,Summary!$A$5:$A$154,0)),""))
A41: =IF(B41="","",37) | B41: =IF(Pareto!B52="","",Pareto!B52) | C41: =IF($B41="","",SUMIFS(Raw_data!$C$2:$C$3001,Raw_data!$A$2:$A$3001,$B41,Raw_data!$D$2:$D$3001,"FP",Raw_data!$F$2:$F$3001,C$4)) | D41: =IF($B41="","",SUMIFS(Raw_data!$C$2:$C$3001,Raw_data!$A$2:$A$3001,$B41,Raw_data!$D$2:$D$3001,"FP",Raw_data!$F$2:$F$3001,D$4)) | E41: =IF($B41="","",SUMIFS(Raw_data!$C$2:$C$3001,Raw_data!$A$2:$A$3001,$B41,Raw_data!$D$2:$D$3001,"FP",Raw_data!$F$2:$F$3001,E$4)) | F41: =IF($B41="","",SUMIFS(Raw_data!$C$2:$C$3001,Raw_data!$A$2:$A$3001,$B41,Raw_data!$D$2:$D$3001,"FP",Raw_data!$F$2:$F$3001,F$4)) | G41: =IF($B41="","",SUMIFS(Raw_data!$C$2:$C$3001,Raw_data!$A$2:$A$3001,$B41,Raw_data!$D$2:$D$3001,"FP",Raw_data!$F$2:$F$3001,G$4)) | H41: =IF($B41="","",SUMIFS(Raw_data!$C$2:$C$3001,Raw_data!$A$2:$A$3001,$B41,Raw_data!$D$2:$D$3001,"FP",Raw_data!$F$2:$F$3001,H$4)) | I41: =IF($B41="","",AVERAGE(C41:H41)) | K41: =IF(OR($B41="",$I41=0),"",C41/$I41) | L41: =IF(OR($B41="",$I41=0),"",D41/$I41) | M41: =IF(OR($B41="",$I41=0),"",E41/$I41) | N41: =IF(OR($B41="",$I41=0),"",F41/$I41) | O41: =IF(OR($B41="",$I41=0),"",G41/$I41) | P41: =IF(OR($B41="",$I41=0),"",H41/$I41) | Q41: =IF($B41="","",IFERROR(INDEX(Stability!$O$5:$O$154,MATCH($B41,Summary!$A$5:$A$154,0)),""))
A42: =IF(B42="","",38) | B42: =IF(Pareto!B53="","",Pareto!B53) | C42: =IF($B42="","",SUMIFS(Raw_data!$C$2:$C$3001,Raw_data!$A$2:$A$3001,$B42,Raw_data!$D$2:$D$3001,"FP",Raw_data!$F$2:$F$3001,C$4)) | D42: =IF($B42="","",SUMIFS(Raw_data!$C$2:$C$3001,Raw_data!$A$2:$A$3001,$B42,Raw_data!$D$2:$D$3001,"FP",Raw_data!$F$2:$F$3001,D$4)) | E42: =IF($B42="","",SUMIFS(Raw_data!$C$2:$C$3001,Raw_data!$A$2:$A$3001,$B42,Raw_data!$D$2:$D$3001,"FP",Raw_data!$F$2:$F$3001,E$4)) | F42: =IF($B42="","",SUMIFS(Raw_data!$C$2:$C$3001,Raw_data!$A$2:$A$3001,$B42,Raw_data!$D$2:$D$3001,"FP",Raw_data!$F$2:$F$3001,F$4)) | G42: =IF($B42="","",SUMIFS(Raw_data!$C$2:$C$3001,Raw_data!$A$2:$A$3001,$B42,Raw_data!$D$2:$D$3001,"FP",Raw_data!$F$2:$F$3001,G$4)) | H42: =IF($B42="","",SUMIFS(Raw_data!$C$2:$C$3001,Raw_data!$A$2:$A$3001,$B42,Raw_data!$D$2:$D$3001,"FP",Raw_data!$F$2:$F$3001,H$4)) | I42: =IF($B42="","",AVERAGE(C42:H42)) | K42: =IF(OR($B42="",$I42=0),"",C42/$I42) | L42: =IF(OR($B42="",$I42=0),"",D42/$I42) | M42: =IF(OR($B42="",$I42=0),"",E42/$I42) | N42: =IF(OR($B42="",$I42=0),"",F42/$I42) | O42: =IF(OR($B42="",$I42=0),"",G42/$I42) | P42: =IF(OR($B42="",$I42=0),"",H42/$I42) | Q42: =IF($B42="","",IFERROR(INDEX(Stability!$O$5:$O$154,MATCH($B42,Summary!$A$5:$A$154,0)),""))
A43: =IF(B43="","",39) | B43: =IF(Pareto!B54="","",Pareto!B54) | C43: =IF($B43="","",SUMIFS(Raw_data!$C$2:$C$3001,Raw_data!$A$2:$A$3001,$B43,Raw_data!$D$2:$D$3001,"FP",Raw_data!$F$2:$F$3001,C$4)) | D43: =IF($B43="","",SUMIFS(Raw_data!$C$2:$C$3001,Raw_data!$A$2:$A$3001,$B43,Raw_data!$D$2:$D$3001,"FP",Raw_data!$F$2:$F$3001,D$4)) | E43: =IF($B43="","",SUMIFS(Raw_data!$C$2:$C$3001,Raw_data!$A$2:$A$3001,$B43,Raw_data!$D$2:$D$3001,"FP",Raw_data!$F$2:$F$3001,E$4)) | F43: =IF($B43="","",SUMIFS(Raw_data!$C$2:$C$3001,Raw_data!$A$2:$A$3001,$B43,Raw_data!$D$2:$D$3001,"FP",Raw_data!$F$2:$F$3001,F$4)) | G43: =IF($B43="","",SUMIFS(Raw_data!$C$2:$C$3001,Raw_data!$A$2:$A$3001,$B43,Raw_data!$D$2:$D$3001,"FP",Raw_data!$F$2:$F$3001,G$4)) | H43: =IF($B43="","",SUMIFS(Raw_data!$C$2:$C$3001,Raw_data!$A$2:$A$3001,$B43,Raw_data!$D$2:$D$3001,"FP",Raw_data!$F$2:$F$3001,H$4)) | I43: =IF($B43="","",AVERAGE(C43:H43)) | K43: =IF(OR($B43="",$I43=0),"",C43/$I43) | L43: =IF(OR($B43="",$I43=0),"",D43/$I43) | M43: =IF(OR($B43="",$I43=0),"",E43/$I43) | N43: =IF(OR($B43="",$I43=0),"",F43/$I43) | O43: =IF(OR($B43="",$I43=0),"",G43/$I43) | P43: =IF(OR($B43="",$I43=0),"",H43/$I43) | Q43: =IF($B43="","",IFERROR(INDEX(Stability!$O$5:$O$154,MATCH($B43,Summary!$A$5:$A$154,0)),""))
A44: =IF(B44="","",40) | B44: =IF(Pareto!B55="","",Pareto!B55) | C44: =IF($B44="","",SUMIFS(Raw_data!$C$2:$C$3001,Raw_data!$A$2:$A$3001,$B44,Raw_data!$D$2:$D$3001,"FP",Raw_data!$F$2:$F$3001,C$4)) | D44: =IF($B44="","",SUMIFS(Raw_data!$C$2:$C$3001,Raw_data!$A$2:$A$3001,$B44,Raw_data!$D$2:$D$3001,"FP",Raw_data!$F$2:$F$3001,D$4)) | E44: =IF($B44="","",SUMIFS(Raw_data!$C$2:$C$3001,Raw_data!$A$2:$A$3001,$B44,Raw_data!$D$2:$D$3001,"FP",Raw_data!$F$2:$F$3001,E$4)) | F44: =IF($B44="","",SUMIFS(Raw_data!$C$2:$C$3001,Raw_data!$A$2:$A$3001,$B44,Raw_data!$D$2:$D$3001,"FP",Raw_data!$F$2:$F$3001,F$4)) | G44: =IF($B44="","",SUMIFS(Raw_data!$C$2:$C$3001,Raw_data!$A$2:$A$3001,$B44,Raw_data!$D$2:$D$3001,"FP",Raw_data!$F$2:$F$3001,G$4)) | H44: =IF($B44="","",SUMIFS(Raw_data!$C$2:$C$3001,Raw_data!$A$2:$A$3001,$B44,Raw_data!$D$2:$D$3001,"FP",Raw_data!$F$2:$F$3001,H$4)) | I44: =IF($B44="","",AVERAGE(C44:H44)) | K44: =IF(OR($B44="",$I44=0),"",C44/$I44) | L44: =IF(OR($B44="",$I44=0),"",D44/$I44) | M44: =IF(OR($B44="",$I44=0),"",E44/$I44) | N44: =IF(OR($B44="",$I44=0),"",F44/$I44) | O44: =IF(OR($B44="",$I44=0),"",G44/$I44) | P44: =IF(OR($B44="",$I44=0),"",H44/$I44) | Q44: =IF($B44="","",IFERROR(INDEX(Stability!$O$5:$O$154,MATCH($B44,Summary!$A$5:$A$154,0)),""))

Sheet Heat_FPratio
A1: Heat map: monthly FP ratio as the dashboard shows it, with evidence check
A2: Colores según Parameters (ámbar B8, rojo B9: supuestos leídos del dashboard). Gris = menos alertas en el mes que Parameters B17: el color no está respaldado. Derecha: alertas por mes.
C3: FP ratio per month = FP / (TP + FP) | I3: 6M view and evidence | M3: Alerts per month (TP + FP)
A4: Rank | B4: Scenario | C4: 6 | D4: 5 | E4: 4 | F4: 3 | G4: 2 | H4: 1 | I4: FP ratio 6M | J4: Colour not supported (6M, Wilson) | K4: Low evidence (6M) | M4: 6 | N4: 5 | O4: 4 | P4: 3 | Q4: 2 | R4: 1
A5: =IF(B5="","",1) -> 1 | B5: =IF(Pareto!B16="","",Pareto!B16) -> RSK RED P CVOL CVAL | C5: =IF(OR($B5="",M5=0),"",SUMIFS(Raw_data!$C$2:$C$3001,Raw_data!$A$2:$A$3001,$B5,Raw_data!$D$2:$D$3001,"FP",Raw_data!$F$2:$F$3001,C$4)/M5) | D5: =IF(OR($B5="",N5=0),"",SUMIFS(Raw_data!$C$2:$C$3001,Raw_data!$A$2:$A$3001,$B5,Raw_data!$D$2:$D$3001,"FP",Raw_data!$F$2:$F$3001,D$4)/N5) | E5: =IF(OR($B5="",O5=0),"",SUMIFS(Raw_data!$C$2:$C$3001,Raw_data!$A$2:$A$3001,$B5,Raw_data!$D$2:$D$3001,"FP",Raw_data!$F$2:$F$3001,E$4)/O5) | F5: =IF(OR($B5="",P5=0),"",SUMIFS(Raw_data!$C$2:$C$3001,Raw_data!$A$2:$A$3001,$B5,Raw_data!$D$2:$D$3001,"FP",Raw_data!$F$2:$F$3001,F$4)/P5) | G5: =IF(OR($B5="",Q5=0),"",SUMIFS(Raw_data!$C$2:$C$3001,Raw_data!$A$2:$A$3001,$B5,Raw_data!$D$2:$D$3001,"FP",Raw_data!$F$2:$F$3001,G$4)/Q5) | H5: =IF(OR($B5="",R5=0),"",SUMIFS(Raw_data!$C$2:$C$3001,Raw_data!$A$2:$A$3001,$B5,Raw_data!$D$2:$D$3001,"FP",Raw_data!$F$2:$F$3001,H$4)/R5) -> 1 | I5: =IF($B5="","",IFERROR(INDEX(Summary!$M$5:$M$154,MATCH($B5,Summary!$A$5:$A$154,0)),"")) -> 1 | J5: =IF($B5="","",IFERROR(INDEX(Wilson!$S$5:$S$154,MATCH($B5,Summary!$A$5:$A$154,0)),"")) -> Colour not supported | K5: =IF($B5="","",IFERROR(INDEX(Wilson!$Q$5:$Q$154,MATCH($B5,Summary!$A$5:$A$154,0)),"")) -> Low evidence | M5: =IF($B5="","",SUMIFS(Raw_data!$C$2:$C$3001,Raw_data!$A$2:$A$3001,$B5,Raw_data!$F$2:$F$3001,M$4)) -> 0 | N5: =IF($B5="","",SUMIFS(Raw_data!$C$2:$C$3001,Raw_data!$A$2:$A$3001,$B5,Raw_data!$F$2:$F$3001,N$4)) -> 0 | O5: =IF($B5="","",SUMIFS(Raw_data!$C$2:$C$3001,Raw_data!$A$2:$A$3001,$B5,Raw_data!$F$2:$F$3001,O$4)) -> 0 | P5: =IF($B5="","",SUMIFS(Raw_data!$C$2:$C$3001,Raw_data!$A$2:$A$3001,$B5,Raw_data!$F$2:$F$3001,P$4)) -> 0 | Q5: =IF($B5="","",SUMIFS(Raw_data!$C$2:$C$3001,Raw_data!$A$2:$A$3001,$B5,Raw_data!$F$2:$F$3001,Q$4)) -> 0 | R5: =IF($B5="","",SUMIFS(Raw_data!$C$2:$C$3001,Raw_data!$A$2:$A$3001,$B5,Raw_data!$F$2:$F$3001,R$4)) -> 43
A6: =IF(B6="","",2) | B6: =IF(Pareto!B17="","",Pareto!B17) | C6: =IF(OR($B6="",M6=0),"",SUMIFS(Raw_data!$C$2:$C$3001,Raw_data!$A$2:$A$3001,$B6,Raw_data!$D$2:$D$3001,"FP",Raw_data!$F$2:$F$3001,C$4)/M6) | D6: =IF(OR($B6="",N6=0),"",SUMIFS(Raw_data!$C$2:$C$3001,Raw_data!$A$2:$A$3001,$B6,Raw_data!$D$2:$D$3001,"FP",Raw_data!$F$2:$F$3001,D$4)/N6) | E6: =IF(OR($B6="",O6=0),"",SUMIFS(Raw_data!$C$2:$C$3001,Raw_data!$A$2:$A$3001,$B6,Raw_data!$D$2:$D$3001,"FP",Raw_data!$F$2:$F$3001,E$4)/O6) | F6: =IF(OR($B6="",P6=0),"",SUMIFS(Raw_data!$C$2:$C$3001,Raw_data!$A$2:$A$3001,$B6,Raw_data!$D$2:$D$3001,"FP",Raw_data!$F$2:$F$3001,F$4)/P6) | G6: =IF(OR($B6="",Q6=0),"",SUMIFS(Raw_data!$C$2:$C$3001,Raw_data!$A$2:$A$3001,$B6,Raw_data!$D$2:$D$3001,"FP",Raw_data!$F$2:$F$3001,G$4)/Q6) | H6: =IF(OR($B6="",R6=0),"",SUMIFS(Raw_data!$C$2:$C$3001,Raw_data!$A$2:$A$3001,$B6,Raw_data!$D$2:$D$3001,"FP",Raw_data!$F$2:$F$3001,H$4)/R6) | I6: =IF($B6="","",IFERROR(INDEX(Summary!$M$5:$M$154,MATCH($B6,Summary!$A$5:$A$154,0)),"")) | J6: =IF($B6="","",IFERROR(INDEX(Wilson!$S$5:$S$154,MATCH($B6,Summary!$A$5:$A$154,0)),"")) | K6: =IF($B6="","",IFERROR(INDEX(Wilson!$Q$5:$Q$154,MATCH($B6,Summary!$A$5:$A$154,0)),"")) | M6: =IF($B6="","",SUMIFS(Raw_data!$C$2:$C$3001,Raw_data!$A$2:$A$3001,$B6,Raw_data!$F$2:$F$3001,M$4)) | N6: =IF($B6="","",SUMIFS(Raw_data!$C$2:$C$3001,Raw_data!$A$2:$A$3001,$B6,Raw_data!$F$2:$F$3001,N$4)) | O6: =IF($B6="","",SUMIFS(Raw_data!$C$2:$C$3001,Raw_data!$A$2:$A$3001,$B6,Raw_data!$F$2:$F$3001,O$4)) | P6: =IF($B6="","",SUMIFS(Raw_data!$C$2:$C$3001,Raw_data!$A$2:$A$3001,$B6,Raw_data!$F$2:$F$3001,P$4)) | Q6: =IF($B6="","",SUMIFS(Raw_data!$C$2:$C$3001,Raw_data!$A$2:$A$3001,$B6,Raw_data!$F$2:$F$3001,Q$4)) | R6: =IF($B6="","",SUMIFS(Raw_data!$C$2:$C$3001,Raw_data!$A$2:$A$3001,$B6,Raw_data!$F$2:$F$3001,R$4))
A7: =IF(B7="","",3) | B7: =IF(Pareto!B18="","",Pareto!B18) | C7: =IF(OR($B7="",M7=0),"",SUMIFS(Raw_data!$C$2:$C$3001,Raw_data!$A$2:$A$3001,$B7,Raw_data!$D$2:$D$3001,"FP",Raw_data!$F$2:$F$3001,C$4)/M7) | D7: =IF(OR($B7="",N7=0),"",SUMIFS(Raw_data!$C$2:$C$3001,Raw_data!$A$2:$A$3001,$B7,Raw_data!$D$2:$D$3001,"FP",Raw_data!$F$2:$F$3001,D$4)/N7) | E7: =IF(OR($B7="",O7=0),"",SUMIFS(Raw_data!$C$2:$C$3001,Raw_data!$A$2:$A$3001,$B7,Raw_data!$D$2:$D$3001,"FP",Raw_data!$F$2:$F$3001,E$4)/O7) | F7: =IF(OR($B7="",P7=0),"",SUMIFS(Raw_data!$C$2:$C$3001,Raw_data!$A$2:$A$3001,$B7,Raw_data!$D$2:$D$3001,"FP",Raw_data!$F$2:$F$3001,F$4)/P7) | G7: =IF(OR($B7="",Q7=0),"",SUMIFS(Raw_data!$C$2:$C$3001,Raw_data!$A$2:$A$3001,$B7,Raw_data!$D$2:$D$3001,"FP",Raw_data!$F$2:$F$3001,G$4)/Q7) | H7: =IF(OR($B7="",R7=0),"",SUMIFS(Raw_data!$C$2:$C$3001,Raw_data!$A$2:$A$3001,$B7,Raw_data!$D$2:$D$3001,"FP",Raw_data!$F$2:$F$3001,H$4)/R7) | I7: =IF($B7="","",IFERROR(INDEX(Summary!$M$5:$M$154,MATCH($B7,Summary!$A$5:$A$154,0)),"")) | J7: =IF($B7="","",IFERROR(INDEX(Wilson!$S$5:$S$154,MATCH($B7,Summary!$A$5:$A$154,0)),"")) | K7: =IF($B7="","",IFERROR(INDEX(Wilson!$Q$5:$Q$154,MATCH($B7,Summary!$A$5:$A$154,0)),"")) | M7: =IF($B7="","",SUMIFS(Raw_data!$C$2:$C$3001,Raw_data!$A$2:$A$3001,$B7,Raw_data!$F$2:$F$3001,M$4)) | N7: =IF($B7="","",SUMIFS(Raw_data!$C$2:$C$3001,Raw_data!$A$2:$A$3001,$B7,Raw_data!$F$2:$F$3001,N$4)) | O7: =IF($B7="","",SUMIFS(Raw_data!$C$2:$C$3001,Raw_data!$A$2:$A$3001,$B7,Raw_data!$F$2:$F$3001,O$4)) | P7: =IF($B7="","",SUMIFS(Raw_data!$C$2:$C$3001,Raw_data!$A$2:$A$3001,$B7,Raw_data!$F$2:$F$3001,P$4)) | Q7: =IF($B7="","",SUMIFS(Raw_data!$C$2:$C$3001,Raw_data!$A$2:$A$3001,$B7,Raw_data!$F$2:$F$3001,Q$4)) | R7: =IF($B7="","",SUMIFS(Raw_data!$C$2:$C$3001,Raw_data!$A$2:$A$3001,$B7,Raw_data!$F$2:$F$3001,R$4))
A8: =IF(B8="","",4) | B8: =IF(Pareto!B19="","",Pareto!B19) | C8: =IF(OR($B8="",M8=0),"",SUMIFS(Raw_data!$C$2:$C$3001,Raw_data!$A$2:$A$3001,$B8,Raw_data!$D$2:$D$3001,"FP",Raw_data!$F$2:$F$3001,C$4)/M8) | D8: =IF(OR($B8="",N8=0),"",SUMIFS(Raw_data!$C$2:$C$3001,Raw_data!$A$2:$A$3001,$B8,Raw_data!$D$2:$D$3001,"FP",Raw_data!$F$2:$F$3001,D$4)/N8) | E8: =IF(OR($B8="",O8=0),"",SUMIFS(Raw_data!$C$2:$C$3001,Raw_data!$A$2:$A$3001,$B8,Raw_data!$D$2:$D$3001,"FP",Raw_data!$F$2:$F$3001,E$4)/O8) | F8: =IF(OR($B8="",P8=0),"",SUMIFS(Raw_data!$C$2:$C$3001,Raw_data!$A$2:$A$3001,$B8,Raw_data!$D$2:$D$3001,"FP",Raw_data!$F$2:$F$3001,F$4)/P8) | G8: =IF(OR($B8="",Q8=0),"",SUMIFS(Raw_data!$C$2:$C$3001,Raw_data!$A$2:$A$3001,$B8,Raw_data!$D$2:$D$3001,"FP",Raw_data!$F$2:$F$3001,G$4)/Q8) | H8: =IF(OR($B8="",R8=0),"",SUMIFS(Raw_data!$C$2:$C$3001,Raw_data!$A$2:$A$3001,$B8,Raw_data!$D$2:$D$3001,"FP",Raw_data!$F$2:$F$3001,H$4)/R8) | I8: =IF($B8="","",IFERROR(INDEX(Summary!$M$5:$M$154,MATCH($B8,Summary!$A$5:$A$154,0)),"")) | J8: =IF($B8="","",IFERROR(INDEX(Wilson!$S$5:$S$154,MATCH($B8,Summary!$A$5:$A$154,0)),"")) | K8: =IF($B8="","",IFERROR(INDEX(Wilson!$Q$5:$Q$154,MATCH($B8,Summary!$A$5:$A$154,0)),"")) | M8: =IF($B8="","",SUMIFS(Raw_data!$C$2:$C$3001,Raw_data!$A$2:$A$3001,$B8,Raw_data!$F$2:$F$3001,M$4)) | N8: =IF($B8="","",SUMIFS(Raw_data!$C$2:$C$3001,Raw_data!$A$2:$A$3001,$B8,Raw_data!$F$2:$F$3001,N$4)) | O8: =IF($B8="","",SUMIFS(Raw_data!$C$2:$C$3001,Raw_data!$A$2:$A$3001,$B8,Raw_data!$F$2:$F$3001,O$4)) | P8: =IF($B8="","",SUMIFS(Raw_data!$C$2:$C$3001,Raw_data!$A$2:$A$3001,$B8,Raw_data!$F$2:$F$3001,P$4)) | Q8: =IF($B8="","",SUMIFS(Raw_data!$C$2:$C$3001,Raw_data!$A$2:$A$3001,$B8,Raw_data!$F$2:$F$3001,Q$4)) | R8: =IF($B8="","",SUMIFS(Raw_data!$C$2:$C$3001,Raw_data!$A$2:$A$3001,$B8,Raw_data!$F$2:$F$3001,R$4))
A9: =IF(B9="","",5) | B9: =IF(Pareto!B20="","",Pareto!B20) | C9: =IF(OR($B9="",M9=0),"",SUMIFS(Raw_data!$C$2:$C$3001,Raw_data!$A$2:$A$3001,$B9,Raw_data!$D$2:$D$3001,"FP",Raw_data!$F$2:$F$3001,C$4)/M9) | D9: =IF(OR($B9="",N9=0),"",SUMIFS(Raw_data!$C$2:$C$3001,Raw_data!$A$2:$A$3001,$B9,Raw_data!$D$2:$D$3001,"FP",Raw_data!$F$2:$F$3001,D$4)/N9) | E9: =IF(OR($B9="",O9=0),"",SUMIFS(Raw_data!$C$2:$C$3001,Raw_data!$A$2:$A$3001,$B9,Raw_data!$D$2:$D$3001,"FP",Raw_data!$F$2:$F$3001,E$4)/O9) | F9: =IF(OR($B9="",P9=0),"",SUMIFS(Raw_data!$C$2:$C$3001,Raw_data!$A$2:$A$3001,$B9,Raw_data!$D$2:$D$3001,"FP",Raw_data!$F$2:$F$3001,F$4)/P9) | G9: =IF(OR($B9="",Q9=0),"",SUMIFS(Raw_data!$C$2:$C$3001,Raw_data!$A$2:$A$3001,$B9,Raw_data!$D$2:$D$3001,"FP",Raw_data!$F$2:$F$3001,G$4)/Q9) | H9: =IF(OR($B9="",R9=0),"",SUMIFS(Raw_data!$C$2:$C$3001,Raw_data!$A$2:$A$3001,$B9,Raw_data!$D$2:$D$3001,"FP",Raw_data!$F$2:$F$3001,H$4)/R9) | I9: =IF($B9="","",IFERROR(INDEX(Summary!$M$5:$M$154,MATCH($B9,Summary!$A$5:$A$154,0)),"")) | J9: =IF($B9="","",IFERROR(INDEX(Wilson!$S$5:$S$154,MATCH($B9,Summary!$A$5:$A$154,0)),"")) | K9: =IF($B9="","",IFERROR(INDEX(Wilson!$Q$5:$Q$154,MATCH($B9,Summary!$A$5:$A$154,0)),"")) | M9: =IF($B9="","",SUMIFS(Raw_data!$C$2:$C$3001,Raw_data!$A$2:$A$3001,$B9,Raw_data!$F$2:$F$3001,M$4)) | N9: =IF($B9="","",SUMIFS(Raw_data!$C$2:$C$3001,Raw_data!$A$2:$A$3001,$B9,Raw_data!$F$2:$F$3001,N$4)) | O9: =IF($B9="","",SUMIFS(Raw_data!$C$2:$C$3001,Raw_data!$A$2:$A$3001,$B9,Raw_data!$F$2:$F$3001,O$4)) | P9: =IF($B9="","",SUMIFS(Raw_data!$C$2:$C$3001,Raw_data!$A$2:$A$3001,$B9,Raw_data!$F$2:$F$3001,P$4)) | Q9: =IF($B9="","",SUMIFS(Raw_data!$C$2:$C$3001,Raw_data!$A$2:$A$3001,$B9,Raw_data!$F$2:$F$3001,Q$4)) | R9: =IF($B9="","",SUMIFS(Raw_data!$C$2:$C$3001,Raw_data!$A$2:$A$3001,$B9,Raw_data!$F$2:$F$3001,R$4))
A10: =IF(B10="","",6) | B10: =IF(Pareto!B21="","",Pareto!B21) | C10: =IF(OR($B10="",M10=0),"",SUMIFS(Raw_data!$C$2:$C$3001,Raw_data!$A$2:$A$3001,$B10,Raw_data!$D$2:$D$3001,"FP",Raw_data!$F$2:$F$3001,C$4)/M10) | D10: =IF(OR($B10="",N10=0),"",SUMIFS(Raw_data!$C$2:$C$3001,Raw_data!$A$2:$A$3001,$B10,Raw_data!$D$2:$D$3001,"FP",Raw_data!$F$2:$F$3001,D$4)/N10) | E10: =IF(OR($B10="",O10=0),"",SUMIFS(Raw_data!$C$2:$C$3001,Raw_data!$A$2:$A$3001,$B10,Raw_data!$D$2:$D$3001,"FP",Raw_data!$F$2:$F$3001,E$4)/O10) | F10: =IF(OR($B10="",P10=0),"",SUMIFS(Raw_data!$C$2:$C$3001,Raw_data!$A$2:$A$3001,$B10,Raw_data!$D$2:$D$3001,"FP",Raw_data!$F$2:$F$3001,F$4)/P10) | G10: =IF(OR($B10="",Q10=0),"",SUMIFS(Raw_data!$C$2:$C$3001,Raw_data!$A$2:$A$3001,$B10,Raw_data!$D$2:$D$3001,"FP",Raw_data!$F$2:$F$3001,G$4)/Q10) | H10: =IF(OR($B10="",R10=0),"",SUMIFS(Raw_data!$C$2:$C$3001,Raw_data!$A$2:$A$3001,$B10,Raw_data!$D$2:$D$3001,"FP",Raw_data!$F$2:$F$3001,H$4)/R10) | I10: =IF($B10="","",IFERROR(INDEX(Summary!$M$5:$M$154,MATCH($B10,Summary!$A$5:$A$154,0)),"")) | J10: =IF($B10="","",IFERROR(INDEX(Wilson!$S$5:$S$154,MATCH($B10,Summary!$A$5:$A$154,0)),"")) | K10: =IF($B10="","",IFERROR(INDEX(Wilson!$Q$5:$Q$154,MATCH($B10,Summary!$A$5:$A$154,0)),"")) | M10: =IF($B10="","",SUMIFS(Raw_data!$C$2:$C$3001,Raw_data!$A$2:$A$3001,$B10,Raw_data!$F$2:$F$3001,M$4)) | N10: =IF($B10="","",SUMIFS(Raw_data!$C$2:$C$3001,Raw_data!$A$2:$A$3001,$B10,Raw_data!$F$2:$F$3001,N$4)) | O10: =IF($B10="","",SUMIFS(Raw_data!$C$2:$C$3001,Raw_data!$A$2:$A$3001,$B10,Raw_data!$F$2:$F$3001,O$4)) | P10: =IF($B10="","",SUMIFS(Raw_data!$C$2:$C$3001,Raw_data!$A$2:$A$3001,$B10,Raw_data!$F$2:$F$3001,P$4)) | Q10: =IF($B10="","",SUMIFS(Raw_data!$C$2:$C$3001,Raw_data!$A$2:$A$3001,$B10,Raw_data!$F$2:$F$3001,Q$4)) | R10: =IF($B10="","",SUMIFS(Raw_data!$C$2:$C$3001,Raw_data!$A$2:$A$3001,$B10,Raw_data!$F$2:$F$3001,R$4))
A11: =IF(B11="","",7) | B11: =IF(Pareto!B22="","",Pareto!B22) | C11: =IF(OR($B11="",M11=0),"",SUMIFS(Raw_data!$C$2:$C$3001,Raw_data!$A$2:$A$3001,$B11,Raw_data!$D$2:$D$3001,"FP",Raw_data!$F$2:$F$3001,C$4)/M11) | D11: =IF(OR($B11="",N11=0),"",SUMIFS(Raw_data!$C$2:$C$3001,Raw_data!$A$2:$A$3001,$B11,Raw_data!$D$2:$D$3001,"FP",Raw_data!$F$2:$F$3001,D$4)/N11) | E11: =IF(OR($B11="",O11=0),"",SUMIFS(Raw_data!$C$2:$C$3001,Raw_data!$A$2:$A$3001,$B11,Raw_data!$D$2:$D$3001,"FP",Raw_data!$F$2:$F$3001,E$4)/O11) | F11: =IF(OR($B11="",P11=0),"",SUMIFS(Raw_data!$C$2:$C$3001,Raw_data!$A$2:$A$3001,$B11,Raw_data!$D$2:$D$3001,"FP",Raw_data!$F$2:$F$3001,F$4)/P11) | G11: =IF(OR($B11="",Q11=0),"",SUMIFS(Raw_data!$C$2:$C$3001,Raw_data!$A$2:$A$3001,$B11,Raw_data!$D$2:$D$3001,"FP",Raw_data!$F$2:$F$3001,G$4)/Q11) | H11: =IF(OR($B11="",R11=0),"",SUMIFS(Raw_data!$C$2:$C$3001,Raw_data!$A$2:$A$3001,$B11,Raw_data!$D$2:$D$3001,"FP",Raw_data!$F$2:$F$3001,H$4)/R11) | I11: =IF($B11="","",IFERROR(INDEX(Summary!$M$5:$M$154,MATCH($B11,Summary!$A$5:$A$154,0)),"")) | J11: =IF($B11="","",IFERROR(INDEX(Wilson!$S$5:$S$154,MATCH($B11,Summary!$A$5:$A$154,0)),"")) | K11: =IF($B11="","",IFERROR(INDEX(Wilson!$Q$5:$Q$154,MATCH($B11,Summary!$A$5:$A$154,0)),"")) | M11: =IF($B11="","",SUMIFS(Raw_data!$C$2:$C$3001,Raw_data!$A$2:$A$3001,$B11,Raw_data!$F$2:$F$3001,M$4)) | N11: =IF($B11="","",SUMIFS(Raw_data!$C$2:$C$3001,Raw_data!$A$2:$A$3001,$B11,Raw_data!$F$2:$F$3001,N$4)) | O11: =IF($B11="","",SUMIFS(Raw_data!$C$2:$C$3001,Raw_data!$A$2:$A$3001,$B11,Raw_data!$F$2:$F$3001,O$4)) | P11: =IF($B11="","",SUMIFS(Raw_data!$C$2:$C$3001,Raw_data!$A$2:$A$3001,$B11,Raw_data!$F$2:$F$3001,P$4)) | Q11: =IF($B11="","",SUMIFS(Raw_data!$C$2:$C$3001,Raw_data!$A$2:$A$3001,$B11,Raw_data!$F$2:$F$3001,Q$4)) | R11: =IF($B11="","",SUMIFS(Raw_data!$C$2:$C$3001,Raw_data!$A$2:$A$3001,$B11,Raw_data!$F$2:$F$3001,R$4))
A12: =IF(B12="","",8) | B12: =IF(Pareto!B23="","",Pareto!B23) | C12: =IF(OR($B12="",M12=0),"",SUMIFS(Raw_data!$C$2:$C$3001,Raw_data!$A$2:$A$3001,$B12,Raw_data!$D$2:$D$3001,"FP",Raw_data!$F$2:$F$3001,C$4)/M12) | D12: =IF(OR($B12="",N12=0),"",SUMIFS(Raw_data!$C$2:$C$3001,Raw_data!$A$2:$A$3001,$B12,Raw_data!$D$2:$D$3001,"FP",Raw_data!$F$2:$F$3001,D$4)/N12) | E12: =IF(OR($B12="",O12=0),"",SUMIFS(Raw_data!$C$2:$C$3001,Raw_data!$A$2:$A$3001,$B12,Raw_data!$D$2:$D$3001,"FP",Raw_data!$F$2:$F$3001,E$4)/O12) | F12: =IF(OR($B12="",P12=0),"",SUMIFS(Raw_data!$C$2:$C$3001,Raw_data!$A$2:$A$3001,$B12,Raw_data!$D$2:$D$3001,"FP",Raw_data!$F$2:$F$3001,F$4)/P12) | G12: =IF(OR($B12="",Q12=0),"",SUMIFS(Raw_data!$C$2:$C$3001,Raw_data!$A$2:$A$3001,$B12,Raw_data!$D$2:$D$3001,"FP",Raw_data!$F$2:$F$3001,G$4)/Q12) | H12: =IF(OR($B12="",R12=0),"",SUMIFS(Raw_data!$C$2:$C$3001,Raw_data!$A$2:$A$3001,$B12,Raw_data!$D$2:$D$3001,"FP",Raw_data!$F$2:$F$3001,H$4)/R12) | I12: =IF($B12="","",IFERROR(INDEX(Summary!$M$5:$M$154,MATCH($B12,Summary!$A$5:$A$154,0)),"")) | J12: =IF($B12="","",IFERROR(INDEX(Wilson!$S$5:$S$154,MATCH($B12,Summary!$A$5:$A$154,0)),"")) | K12: =IF($B12="","",IFERROR(INDEX(Wilson!$Q$5:$Q$154,MATCH($B12,Summary!$A$5:$A$154,0)),"")) | M12: =IF($B12="","",SUMIFS(Raw_data!$C$2:$C$3001,Raw_data!$A$2:$A$3001,$B12,Raw_data!$F$2:$F$3001,M$4)) | N12: =IF($B12="","",SUMIFS(Raw_data!$C$2:$C$3001,Raw_data!$A$2:$A$3001,$B12,Raw_data!$F$2:$F$3001,N$4)) | O12: =IF($B12="","",SUMIFS(Raw_data!$C$2:$C$3001,Raw_data!$A$2:$A$3001,$B12,Raw_data!$F$2:$F$3001,O$4)) | P12: =IF($B12="","",SUMIFS(Raw_data!$C$2:$C$3001,Raw_data!$A$2:$A$3001,$B12,Raw_data!$F$2:$F$3001,P$4)) | Q12: =IF($B12="","",SUMIFS(Raw_data!$C$2:$C$3001,Raw_data!$A$2:$A$3001,$B12,Raw_data!$F$2:$F$3001,Q$4)) | R12: =IF($B12="","",SUMIFS(Raw_data!$C$2:$C$3001,Raw_data!$A$2:$A$3001,$B12,Raw_data!$F$2:$F$3001,R$4))
A13: =IF(B13="","",9) | B13: =IF(Pareto!B24="","",Pareto!B24) | C13: =IF(OR($B13="",M13=0),"",SUMIFS(Raw_data!$C$2:$C$3001,Raw_data!$A$2:$A$3001,$B13,Raw_data!$D$2:$D$3001,"FP",Raw_data!$F$2:$F$3001,C$4)/M13) | D13: =IF(OR($B13="",N13=0),"",SUMIFS(Raw_data!$C$2:$C$3001,Raw_data!$A$2:$A$3001,$B13,Raw_data!$D$2:$D$3001,"FP",Raw_data!$F$2:$F$3001,D$4)/N13) | E13: =IF(OR($B13="",O13=0),"",SUMIFS(Raw_data!$C$2:$C$3001,Raw_data!$A$2:$A$3001,$B13,Raw_data!$D$2:$D$3001,"FP",Raw_data!$F$2:$F$3001,E$4)/O13) | F13: =IF(OR($B13="",P13=0),"",SUMIFS(Raw_data!$C$2:$C$3001,Raw_data!$A$2:$A$3001,$B13,Raw_data!$D$2:$D$3001,"FP",Raw_data!$F$2:$F$3001,F$4)/P13) | G13: =IF(OR($B13="",Q13=0),"",SUMIFS(Raw_data!$C$2:$C$3001,Raw_data!$A$2:$A$3001,$B13,Raw_data!$D$2:$D$3001,"FP",Raw_data!$F$2:$F$3001,G$4)/Q13) | H13: =IF(OR($B13="",R13=0),"",SUMIFS(Raw_data!$C$2:$C$3001,Raw_data!$A$2:$A$3001,$B13,Raw_data!$D$2:$D$3001,"FP",Raw_data!$F$2:$F$3001,H$4)/R13) | I13: =IF($B13="","",IFERROR(INDEX(Summary!$M$5:$M$154,MATCH($B13,Summary!$A$5:$A$154,0)),"")) | J13: =IF($B13="","",IFERROR(INDEX(Wilson!$S$5:$S$154,MATCH($B13,Summary!$A$5:$A$154,0)),"")) | K13: =IF($B13="","",IFERROR(INDEX(Wilson!$Q$5:$Q$154,MATCH($B13,Summary!$A$5:$A$154,0)),"")) | M13: =IF($B13="","",SUMIFS(Raw_data!$C$2:$C$3001,Raw_data!$A$2:$A$3001,$B13,Raw_data!$F$2:$F$3001,M$4)) | N13: =IF($B13="","",SUMIFS(Raw_data!$C$2:$C$3001,Raw_data!$A$2:$A$3001,$B13,Raw_data!$F$2:$F$3001,N$4)) | O13: =IF($B13="","",SUMIFS(Raw_data!$C$2:$C$3001,Raw_data!$A$2:$A$3001,$B13,Raw_data!$F$2:$F$3001,O$4)) | P13: =IF($B13="","",SUMIFS(Raw_data!$C$2:$C$3001,Raw_data!$A$2:$A$3001,$B13,Raw_data!$F$2:$F$3001,P$4)) | Q13: =IF($B13="","",SUMIFS(Raw_data!$C$2:$C$3001,Raw_data!$A$2:$A$3001,$B13,Raw_data!$F$2:$F$3001,Q$4)) | R13: =IF($B13="","",SUMIFS(Raw_data!$C$2:$C$3001,Raw_data!$A$2:$A$3001,$B13,Raw_data!$F$2:$F$3001,R$4))
A14: =IF(B14="","",10) | B14: =IF(Pareto!B25="","",Pareto!B25) | C14: =IF(OR($B14="",M14=0),"",SUMIFS(Raw_data!$C$2:$C$3001,Raw_data!$A$2:$A$3001,$B14,Raw_data!$D$2:$D$3001,"FP",Raw_data!$F$2:$F$3001,C$4)/M14) | D14: =IF(OR($B14="",N14=0),"",SUMIFS(Raw_data!$C$2:$C$3001,Raw_data!$A$2:$A$3001,$B14,Raw_data!$D$2:$D$3001,"FP",Raw_data!$F$2:$F$3001,D$4)/N14) | E14: =IF(OR($B14="",O14=0),"",SUMIFS(Raw_data!$C$2:$C$3001,Raw_data!$A$2:$A$3001,$B14,Raw_data!$D$2:$D$3001,"FP",Raw_data!$F$2:$F$3001,E$4)/O14) | F14: =IF(OR($B14="",P14=0),"",SUMIFS(Raw_data!$C$2:$C$3001,Raw_data!$A$2:$A$3001,$B14,Raw_data!$D$2:$D$3001,"FP",Raw_data!$F$2:$F$3001,F$4)/P14) | G14: =IF(OR($B14="",Q14=0),"",SUMIFS(Raw_data!$C$2:$C$3001,Raw_data!$A$2:$A$3001,$B14,Raw_data!$D$2:$D$3001,"FP",Raw_data!$F$2:$F$3001,G$4)/Q14) | H14: =IF(OR($B14="",R14=0),"",SUMIFS(Raw_data!$C$2:$C$3001,Raw_data!$A$2:$A$3001,$B14,Raw_data!$D$2:$D$3001,"FP",Raw_data!$F$2:$F$3001,H$4)/R14) | I14: =IF($B14="","",IFERROR(INDEX(Summary!$M$5:$M$154,MATCH($B14,Summary!$A$5:$A$154,0)),"")) | J14: =IF($B14="","",IFERROR(INDEX(Wilson!$S$5:$S$154,MATCH($B14,Summary!$A$5:$A$154,0)),"")) | K14: =IF($B14="","",IFERROR(INDEX(Wilson!$Q$5:$Q$154,MATCH($B14,Summary!$A$5:$A$154,0)),"")) | M14: =IF($B14="","",SUMIFS(Raw_data!$C$2:$C$3001,Raw_data!$A$2:$A$3001,$B14,Raw_data!$F$2:$F$3001,M$4)) | N14: =IF($B14="","",SUMIFS(Raw_data!$C$2:$C$3001,Raw_data!$A$2:$A$3001,$B14,Raw_data!$F$2:$F$3001,N$4)) | O14: =IF($B14="","",SUMIFS(Raw_data!$C$2:$C$3001,Raw_data!$A$2:$A$3001,$B14,Raw_data!$F$2:$F$3001,O$4)) | P14: =IF($B14="","",SUMIFS(Raw_data!$C$2:$C$3001,Raw_data!$A$2:$A$3001,$B14,Raw_data!$F$2:$F$3001,P$4)) | Q14: =IF($B14="","",SUMIFS(Raw_data!$C$2:$C$3001,Raw_data!$A$2:$A$3001,$B14,Raw_data!$F$2:$F$3001,Q$4)) | R14: =IF($B14="","",SUMIFS(Raw_data!$C$2:$C$3001,Raw_data!$A$2:$A$3001,$B14,Raw_data!$F$2:$F$3001,R$4))
A15: =IF(B15="","",11) | B15: =IF(Pareto!B26="","",Pareto!B26) | C15: =IF(OR($B15="",M15=0),"",SUMIFS(Raw_data!$C$2:$C$3001,Raw_data!$A$2:$A$3001,$B15,Raw_data!$D$2:$D$3001,"FP",Raw_data!$F$2:$F$3001,C$4)/M15) | D15: =IF(OR($B15="",N15=0),"",SUMIFS(Raw_data!$C$2:$C$3001,Raw_data!$A$2:$A$3001,$B15,Raw_data!$D$2:$D$3001,"FP",Raw_data!$F$2:$F$3001,D$4)/N15) | E15: =IF(OR($B15="",O15=0),"",SUMIFS(Raw_data!$C$2:$C$3001,Raw_data!$A$2:$A$3001,$B15,Raw_data!$D$2:$D$3001,"FP",Raw_data!$F$2:$F$3001,E$4)/O15) | F15: =IF(OR($B15="",P15=0),"",SUMIFS(Raw_data!$C$2:$C$3001,Raw_data!$A$2:$A$3001,$B15,Raw_data!$D$2:$D$3001,"FP",Raw_data!$F$2:$F$3001,F$4)/P15) | G15: =IF(OR($B15="",Q15=0),"",SUMIFS(Raw_data!$C$2:$C$3001,Raw_data!$A$2:$A$3001,$B15,Raw_data!$D$2:$D$3001,"FP",Raw_data!$F$2:$F$3001,G$4)/Q15) | H15: =IF(OR($B15="",R15=0),"",SUMIFS(Raw_data!$C$2:$C$3001,Raw_data!$A$2:$A$3001,$B15,Raw_data!$D$2:$D$3001,"FP",Raw_data!$F$2:$F$3001,H$4)/R15) | I15: =IF($B15="","",IFERROR(INDEX(Summary!$M$5:$M$154,MATCH($B15,Summary!$A$5:$A$154,0)),"")) | J15: =IF($B15="","",IFERROR(INDEX(Wilson!$S$5:$S$154,MATCH($B15,Summary!$A$5:$A$154,0)),"")) | K15: =IF($B15="","",IFERROR(INDEX(Wilson!$Q$5:$Q$154,MATCH($B15,Summary!$A$5:$A$154,0)),"")) | M15: =IF($B15="","",SUMIFS(Raw_data!$C$2:$C$3001,Raw_data!$A$2:$A$3001,$B15,Raw_data!$F$2:$F$3001,M$4)) | N15: =IF($B15="","",SUMIFS(Raw_data!$C$2:$C$3001,Raw_data!$A$2:$A$3001,$B15,Raw_data!$F$2:$F$3001,N$4)) | O15: =IF($B15="","",SUMIFS(Raw_data!$C$2:$C$3001,Raw_data!$A$2:$A$3001,$B15,Raw_data!$F$2:$F$3001,O$4)) | P15: =IF($B15="","",SUMIFS(Raw_data!$C$2:$C$3001,Raw_data!$A$2:$A$3001,$B15,Raw_data!$F$2:$F$3001,P$4)) | Q15: =IF($B15="","",SUMIFS(Raw_data!$C$2:$C$3001,Raw_data!$A$2:$A$3001,$B15,Raw_data!$F$2:$F$3001,Q$4)) | R15: =IF($B15="","",SUMIFS(Raw_data!$C$2:$C$3001,Raw_data!$A$2:$A$3001,$B15,Raw_data!$F$2:$F$3001,R$4))
A16: =IF(B16="","",12) | B16: =IF(Pareto!B27="","",Pareto!B27) | C16: =IF(OR($B16="",M16=0),"",SUMIFS(Raw_data!$C$2:$C$3001,Raw_data!$A$2:$A$3001,$B16,Raw_data!$D$2:$D$3001,"FP",Raw_data!$F$2:$F$3001,C$4)/M16) | D16: =IF(OR($B16="",N16=0),"",SUMIFS(Raw_data!$C$2:$C$3001,Raw_data!$A$2:$A$3001,$B16,Raw_data!$D$2:$D$3001,"FP",Raw_data!$F$2:$F$3001,D$4)/N16) | E16: =IF(OR($B16="",O16=0),"",SUMIFS(Raw_data!$C$2:$C$3001,Raw_data!$A$2:$A$3001,$B16,Raw_data!$D$2:$D$3001,"FP",Raw_data!$F$2:$F$3001,E$4)/O16) | F16: =IF(OR($B16="",P16=0),"",SUMIFS(Raw_data!$C$2:$C$3001,Raw_data!$A$2:$A$3001,$B16,Raw_data!$D$2:$D$3001,"FP",Raw_data!$F$2:$F$3001,F$4)/P16) | G16: =IF(OR($B16="",Q16=0),"",SUMIFS(Raw_data!$C$2:$C$3001,Raw_data!$A$2:$A$3001,$B16,Raw_data!$D$2:$D$3001,"FP",Raw_data!$F$2:$F$3001,G$4)/Q16) | H16: =IF(OR($B16="",R16=0),"",SUMIFS(Raw_data!$C$2:$C$3001,Raw_data!$A$2:$A$3001,$B16,Raw_data!$D$2:$D$3001,"FP",Raw_data!$F$2:$F$3001,H$4)/R16) | I16: =IF($B16="","",IFERROR(INDEX(Summary!$M$5:$M$154,MATCH($B16,Summary!$A$5:$A$154,0)),"")) | J16: =IF($B16="","",IFERROR(INDEX(Wilson!$S$5:$S$154,MATCH($B16,Summary!$A$5:$A$154,0)),"")) | K16: =IF($B16="","",IFERROR(INDEX(Wilson!$Q$5:$Q$154,MATCH($B16,Summary!$A$5:$A$154,0)),"")) | M16: =IF($B16="","",SUMIFS(Raw_data!$C$2:$C$3001,Raw_data!$A$2:$A$3001,$B16,Raw_data!$F$2:$F$3001,M$4)) | N16: =IF($B16="","",SUMIFS(Raw_data!$C$2:$C$3001,Raw_data!$A$2:$A$3001,$B16,Raw_data!$F$2:$F$3001,N$4)) | O16: =IF($B16="","",SUMIFS(Raw_data!$C$2:$C$3001,Raw_data!$A$2:$A$3001,$B16,Raw_data!$F$2:$F$3001,O$4)) | P16: =IF($B16="","",SUMIFS(Raw_data!$C$2:$C$3001,Raw_data!$A$2:$A$3001,$B16,Raw_data!$F$2:$F$3001,P$4)) | Q16: =IF($B16="","",SUMIFS(Raw_data!$C$2:$C$3001,Raw_data!$A$2:$A$3001,$B16,Raw_data!$F$2:$F$3001,Q$4)) | R16: =IF($B16="","",SUMIFS(Raw_data!$C$2:$C$3001,Raw_data!$A$2:$A$3001,$B16,Raw_data!$F$2:$F$3001,R$4))
